,Date_Time,Diff
41393,2017-07-25 10:39:46,-7.865
41347,2017-07-25 18:31:40,-18.28361111111111
41261,2017-07-26 12:48:41,-6.440277777777778
41214,2017-07-26 19:15:06,-10.5125
41172,2017-07-27 05:45:51,-3.563888888888889
41164,2017-07-27 09:19:41,-4.618888888888889
41139,2017-07-27 13:56:49,-5.020833333333333
41125,2017-07-27 18:58:04,-13.864166666666666
41072,2017-07-28 08:49:55,-6.450277777777778
41039,2017-07-28 15:16:56,-6.331388888888889
41011,2017-07-28 21:36:49,-20.503888888888888
40964,2017-07-29 18:07:03,-3.394722222222222
40947,2017-07-29 21:30:44,-20.971666666666668
40881,2017-07-30 18:29:02,-11.305555555555555
40843,2017-07-31 05:47:22,-4.117500000000001
40833,2017-07-31 09:54:25,-2.685277777777778
40827,2017-07-31 12:35:32,-2.5175
40814,2017-07-31 15:06:35,-3.035833333333333
40797,2017-07-31 18:08:44,-11.668333333333333
40766,2017-08-01 05:48:50,-3.987222222222222
40747,2017-08-01 09:48:04,-3.9258333333333333
40732,2017-08-01 13:43:37,-4.496944444444445
40703,2017-08-01 18:13:26,-2.379166666666667
40699,2017-08-01 20:36:11,-9.3125
40668,2017-08-02 05:54:56,-3.53
40655,2017-08-02 09:26:44,-3.8666666666666667
40644,2017-08-02 13:18:44,-9.456388888888888
40610,2017-08-02 22:46:07,-7.026666666666666
40585,2017-08-03 05:47:43,-4.111944444444445
40567,2017-08-03 09:54:26,-5.32
40532,2017-08-03 15:13:38,-18.450833333333332
40485,2017-08-04 09:40:41,-3.801111111111111
40472,2017-08-04 13:28:45,-6.455555555555556
40463,2017-08-04 19:56:05,-12.959722222222222
40435,2017-08-05 08:53:40,-4.605
40413,2017-08-05 13:29:58,-3.073611111111111
40402,2017-08-05 16:34:23,-2.694722222222222
40397,2017-08-05 19:16:04,-17.797500000000003
40330,2017-08-06 13:03:55,-5.079444444444444
40305,2017-08-06 18:08:41,-11.524166666666666
40278,2017-08-07 05:40:08,-4.056944444444445
40268,2017-08-07 09:43:33,-3.0211111111111113
40260,2017-08-07 12:44:49,-6.523888888888889
40235,2017-08-07 19:16:15,-15.288055555555555
40192,2017-08-08 10:33:32,-9.367777777777778
40167,2017-08-08 19:55:36,-13.600277777777778
40106,2017-08-09 09:31:37,-3.371111111111111
40049,2017-08-09 12:53:53,-6.101944444444444
39991,2017-08-09 19:00:00,-14.642222222222221
39859,2017-08-10 09:38:32,-3.7088888888888887
39817,2017-08-10 13:21:04,-5.168055555555555
39793,2017-08-10 18:31:09,-14.942777777777778
39624,2017-08-11 09:27:43,-3.2530555555555556
39588,2017-08-11 12:42:54,-8.34138888888889
39505,2017-08-11 21:03:23,-14.595833333333333
39377,2017-08-12 11:39:08,-7.631944444444445
39290,2017-08-12 19:17:03,-13.32
39168,2017-08-13 08:36:15,-4.406944444444445
39109,2017-08-13 13:00:40,-4.174722222222223
39085,2017-08-13 17:11:09,-16.14527777777778
38944,2017-08-14 09:19:52,-3.1444444444444444
38908,2017-08-14 12:28:32,-6.065277777777778
38850,2017-08-14 18:32:27,-19.322222222222223
38653,2017-08-15 13:51:47,-4.7775
38623,2017-08-15 18:38:26,-11.171666666666667
38520,2017-08-16 05:48:44,-3.406388888888889
38492,2017-08-16 09:13:07,-3.910833333333333
38460,2017-08-16 13:07:46,-5.883611111111111
38402,2017-08-16 19:00:47,-11.519722222222223
38306,2017-08-17 06:31:58,-2.89
38273,2017-08-17 09:25:22,-6.786944444444444
38179,2017-08-17 16:12:35,-3.9
38155,2017-08-17 20:06:35,-13.22861111111111
38009,2017-08-18 09:20:18,-5.274444444444445
37957,2017-08-18 14:36:46,-4.413333333333334
37914,2017-08-18 19:01:34,-13.300833333333333
37775,2017-08-19 08:19:37,-3.453888888888889
37731,2017-08-19 11:46:51,-3.1438888888888887
37694,2017-08-19 14:55:29,-5.069166666666667
37654,2017-08-19 19:59:38,-14.254444444444445
37531,2017-08-20 10:14:54,-2.891111111111111
37489,2017-08-20 13:08:22,-5.845277777777778
37401,2017-08-20 18:59:05,-3.004166666666667
37381,2017-08-20 21:59:20,-11.730833333333333
37261,2017-08-21 09:43:11,-2.1672222222222226
37219,2017-08-21 11:53:13,-2.6780555555555554
37197,2017-08-21 14:33:54,-15.242222222222223
37088,2017-08-22 05:48:26,-3.667777777777778
37062,2017-08-22 09:28:30,-4.195555555555556
37038,2017-08-22 13:40:14,-21.192777777777778
36816,2017-08-23 10:51:48,-2.6663888888888887
36787,2017-08-23 13:31:47,-3.368888888888889
36776,2017-08-23 16:53:55,-15.492222222222223
36704,2017-08-24 08:23:27,-4.307777777777778
36673,2017-08-24 12:41:55,-2.49
36639,2017-08-24 15:11:19,-4.2575
36582,2017-08-24 19:26:46,-13.816944444444445
36484,2017-08-25 09:15:47,-5.832222222222223
36428,2017-08-25 15:05:43,-21.430833333333332
36240,2017-08-26 12:31:34,-5.466388888888889
36146,2017-08-26 17:59:33,-21.2825
35901,2017-08-27 15:16:30,-18.350555555555555
35730,2017-08-28 09:37:32,-5.188888888888889
35660,2017-08-28 14:48:52,-3.5416666666666665
35622,2017-08-28 18:21:22,-11.455555555555556
35529,2017-08-29 05:48:42,-3.7577777777777777
35477,2017-08-29 09:34:10,-3.4880555555555555
35441,2017-08-29 13:03:27,-4.142222222222223
35412,2017-08-29 17:11:59,-5.996666666666667
35336,2017-08-29 23:11:47,-7.251388888888889
35274,2017-08-30 06:26:52,-2.9133333333333336
35242,2017-08-30 09:21:40,-3.8808333333333334
35217,2017-08-30 13:14:31,-4.942777777777778
35166,2017-08-30 18:11:05,-11.598333333333333
35059,2017-08-31 05:46:59,-3.7530555555555556
35010,2017-08-31 09:32:10,-7.523333333333333
34926,2017-08-31 17:03:34,-12.639444444444445
34833,2017-09-01 05:41:56,-3.7
34803,2017-09-01 09:23:56,-2.191388888888889
34783,2017-09-01 11:35:25,-6.424444444444444
34719,2017-09-01 18:00:53,-19.2975
34537,2017-09-02 13:18:44,-6.671111111111111
34467,2017-09-02 19:59:00,-12.921666666666667
34365,2017-09-03 08:54:18,-3.2591666666666668
34332,2017-09-03 12:09:51,-6.9847222222222225
34249,2017-09-03 19:08:56,-25.170555555555556
34138,2017-09-04 20:19:10,-13.309722222222222
34026,2017-09-05 09:37:45,-4.185833333333334
33987,2017-09-05 13:48:54,-4.475555555555556
33928,2017-09-05 18:17:26,-11.1225
33796,2017-09-06 05:24:47,-3.7552777777777777
33742,2017-09-06 09:10:06,-4.829722222222222
33683,2017-09-06 13:59:53,-3.9186111111111113
33652,2017-09-06 17:55:00,-15.550555555555556
33511,2017-09-07 09:28:02,-6.256944444444445
33474,2017-09-07 15:43:27,-4.345833333333334
33426,2017-09-07 20:04:12,-14.016944444444444
33292,2017-09-08 10:05:13,-7.826944444444444
33223,2017-09-08 17:54:50,-15.2675
33049,2017-09-09 09:10:53,-4.865277777777778
33012,2017-09-09 14:02:48,-4.083333333333334
32975,2017-09-09 18:07:48,-14.778611111111111
32864,2017-09-10 08:54:31,-5.623888888888889
32795,2017-09-10 14:31:57,-4.75
32769,2017-09-10 19:16:57,-13.48611111111111
32624,2017-09-11 08:46:07,-5.76
32587,2017-09-11 14:31:43,-5.440833333333333
32540,2017-09-11 19:58:10,-11.841388888888888
32424,2017-09-12 07:48:39,-6.497777777777777
32353,2017-09-12 14:18:31,-2.5416666666666665
32324,2017-09-12 16:51:01,-4.314722222222223
32275,2017-09-12 21:09:54,-16.52388888888889
32104,2017-09-13 13:41:20,-2.7430555555555554
32074,2017-09-13 16:25:55,-4.249444444444445
32048,2017-09-13 20:40:53,-13.311944444444444
31925,2017-09-14 09:59:36,-3.5527777777777776
31887,2017-09-14 13:32:46,-7.254444444444444
31841,2017-09-14 20:48:02,-17.193611111111114
31702,2017-09-15 13:59:39,-6.934444444444445
31631,2017-09-15 20:55:43,-12.814444444444444
31542,2017-09-16 09:44:35,-5.918333333333333
31500,2017-09-16 15:39:41,-3.895277777777778
31447,2017-09-16 19:33:24,-17.534444444444446
31283,2017-09-17 13:05:28,-5.306111111111111
31227,2017-09-17 18:23:50,-13.519722222222223
31120,2017-09-18 07:55:01,-10.029444444444444
31026,2017-09-18 17:56:47,-15.246944444444445
30859,2017-09-19 09:11:36,-6.225833333333333
30782,2017-09-19 15:25:09,-2.786388888888889
30760,2017-09-19 18:12:20,-15.115277777777777
30633,2017-09-20 09:19:15,-2.846388888888889
30611,2017-09-20 12:10:02,-6.145277777777777
30565,2017-09-20 18:18:45,-11.726944444444445
30470,2017-09-21 06:02:22,-3.5908333333333333
30432,2017-09-21 09:37:49,-5.1402777777777775
30394,2017-09-21 14:46:14,-3.5769444444444445
30371,2017-09-21 18:20:51,-14.941666666666666
30254,2017-09-22 09:17:21,-5.381388888888889
30205,2017-09-22 14:40:14,-3.3361111111111112
30175,2017-09-22 18:00:24,-17.986944444444447
29963,2017-09-23 11:59:37,-8.18138888888889
29901,2017-09-23 20:10:30,-15.307222222222222
29747,2017-09-24 11:28:56,-6.0344444444444445
29665,2017-09-24 17:31:00,-15.963333333333333
29554,2017-09-25 09:28:48,-4.538055555555556
29506,2017-09-25 14:01:05,-4.036666666666667
29460,2017-09-25 18:03:17,-15.074444444444444
29332,2017-09-26 09:07:45,-4.5025
29288,2017-09-26 13:37:54,-5.047777777777778
29241,2017-09-26 18:40:46,-6.355555555555555
29157,2017-09-27 01:02:06,-5.266111111111111
29100,2017-09-27 06:18:04,-3.745277777777778
29045,2017-09-27 10:02:47,-3.0058333333333334
28997,2017-09-27 13:03:08,-4.3661111111111115
28956,2017-09-27 17:25:06,-2.2150000000000003
28935,2017-09-27 19:38:00,-2.7394444444444446
28894,2017-09-27 22:22:22,-11.050833333333333
28762,2017-09-28 09:25:25,-4.983611111111111
28710,2017-09-28 14:24:26,-4.132777777777778
28654,2017-09-28 18:32:24,-14.63111111111111
28496,2017-09-29 09:10:16,-6.818611111111111
28403,2017-09-29 15:59:23,-4.6658333333333335
28376,2017-09-29 20:39:20,-16.13361111111111
28229,2017-09-30 12:47:21,-3.1780555555555554
28182,2017-09-30 15:58:02,-2.796388888888889
28155,2017-09-30 18:45:49,-3.1530555555555555
28137,2017-09-30 21:55:00,-14.682222222222222
27999,2017-10-01 12:35:56,-6.785
27904,2017-10-01 19:23:02,-14.013055555555555
27754,2017-10-02 09:23:49,-4.483333333333334
27703,2017-10-02 13:52:49,-4.703333333333333
27649,2017-10-02 18:35:01,-11.405277777777778
27547,2017-10-03 05:59:20,-3.861111111111111
27510,2017-10-03 09:51:00,-5.29
27453,2017-10-03 15:08:24,-3.5633333333333335
27411,2017-10-03 18:42:12,-11.387777777777778
27290,2017-10-04 06:05:28,-7.186388888888889
27210,2017-10-04 13:16:39,-10.495277777777778
27101,2017-10-04 23:46:22,-9.778055555555556
27017,2017-10-05 09:33:03,-3.647222222222222
26987,2017-10-05 13:11:53,-6.481111111111111
26932,2017-10-05 19:40:45,-14.878333333333334
26772,2017-10-06 10:33:27,-3.855
26736,2017-10-06 14:24:45,-27.843611111111112
26513,2017-10-07 18:15:22,-6.221388888888889
26464,2017-10-08 00:28:39,-11.901111111111112
26392,2017-10-08 12:22:43,-6.768055555555556
26320,2017-10-08 19:08:48,-14.481388888888889
26185,2017-10-09 09:37:41,-5.851666666666667
26134,2017-10-09 15:28:47,-2.511111111111111
26115,2017-10-09 17:59:27,-11.914444444444445
26021,2017-10-10 05:54:19,-3.4972222222222222
25983,2017-10-10 09:24:09,-6.804444444444444
25937,2017-10-10 16:12:25,-2.101666666666667
25914,2017-10-10 18:18:31,-11.5075
25826,2017-10-11 05:48:58,-4.645833333333333
25786,2017-10-11 10:27:43,-3.7255555555555557
25716,2017-10-11 14:11:15,-2.2461111111111114
25710,2017-10-11 16:26:01,-19.166666666666668
25474,2017-10-12 11:36:01,-2.801388888888889
25455,2017-10-12 14:24:06,-18.26527777777778
25302,2017-10-13 08:40:01,-4.048055555555556
25260,2017-10-13 12:42:54,-7.203055555555555
25183,2017-10-13 19:55:05,-11.526666666666667
25095,2017-10-14 07:26:41,-2.3630555555555555
25073,2017-10-14 09:48:28,-6.665555555555556
24997,2017-10-14 16:28:24,-5.721388888888889
24931,2017-10-14 22:11:41,-11.464722222222223
24855,2017-10-15 09:39:34,-4.998055555555555
24822,2017-10-15 14:39:27,-3.4811111111111113
24799,2017-10-15 18:08:19,-15.389166666666666
24660,2017-10-16 09:31:40,-4.582222222222223
24608,2017-10-16 14:06:36,-4.038888888888889
24565,2017-10-16 18:08:56,-14.379444444444445
24459,2017-10-17 08:31:42,-5.006388888888889
24409,2017-10-17 13:32:05,-2.2094444444444448
24401,2017-10-17 15:44:39,-2.1813888888888893
24378,2017-10-17 17:55:32,-15.352777777777778
24278,2017-10-18 09:16:42,-5.215277777777778
24228,2017-10-18 14:29:37,-3.3983333333333334
24178,2017-10-18 17:53:31,-16.69805555555556
24037,2017-10-19 10:35:24,-6.798333333333333
23938,2017-10-19 17:23:18,-5.570833333333334
23866,2017-10-19 22:57:33,-6.858055555555556
23805,2017-10-20 05:49:02,-3.2169444444444446
23779,2017-10-20 09:02:03,-4.052777777777778
23756,2017-10-20 13:05:13,-7.979444444444445
23673,2017-10-20 21:03:59,-12.375
23559,2017-10-21 09:26:29,-5.511111111111111
23505,2017-10-21 14:57:09,-6.68
23445,2017-10-21 21:37:57,-11.627222222222223
23369,2017-10-22 09:15:35,-6.913333333333333
23313,2017-10-22 16:10:23,-13.613055555555556
23209,2017-10-23 05:47:10,-3.6725
23154,2017-10-23 09:27:31,-5.458888888888889
23138,2017-10-23 14:55:03,-2.803611111111111
23108,2017-10-23 17:43:16,-15.615
22991,2017-10-24 09:20:10,-4.054444444444444
22960,2017-10-24 13:23:26,-5.656944444444444
22914,2017-10-24 19:02:51,-14.522777777777778
22773,2017-10-25 09:34:13,-4.7575
22687,2017-10-25 14:19:40,-4.986666666666666
22658,2017-10-25 19:18:52,-4.711666666666667
22617,2017-10-26 00:01:34,-6.991944444444444
22585,2017-10-26 07:01:05,-2.606388888888889
22568,2017-10-26 09:37:28,-4.269444444444445
22508,2017-10-26 13:53:38,-6.271944444444444
22458,2017-10-26 20:09:57,-13.200277777777778
22303,2017-10-27 09:21:58,-3.0902777777777777
22290,2017-10-27 12:27:23,-10.363888888888889
22203,2017-10-27 22:49:13,-2.172777777777778
22167,2017-10-28 00:59:35,-11.87888888888889
22056,2017-10-28 12:52:19,-6.194444444444445
21979,2017-10-28 19:03:59,-4.941666666666666
21900,2017-10-29 00:00:29,-9.940277777777778
21849,2017-10-29 09:56:54,-3.8827777777777777
21826,2017-10-29 13:49:52,-4.536111111111111
21791,2017-10-29 18:22:02,-15.12138888888889
21633,2017-10-30 09:29:19,-4.301666666666667
21601,2017-10-30 13:47:25,-3.8961111111111113
21580,2017-10-30 17:41:11,-13.141111111111112
21463,2017-10-31 06:49:39,-2.9741666666666666
21426,2017-10-31 09:48:06,-8.142222222222223
21376,2017-10-31 17:56:38,-15.692777777777778
21240,2017-11-01 09:38:12,-2.700277777777778
21230,2017-11-01 12:20:13,-5.5375
21167,2017-11-01 17:52:28,-13.289444444444445
21066,2017-11-02 07:09:50,-2.365
21035,2017-11-02 09:31:44,-3.9725
21028,2017-11-02 13:30:05,-2.4719444444444445
20994,2017-11-02 15:58:24,-17.967222222222226
20743,2017-11-03 09:56:26,-2.962222222222222
20717,2017-11-03 12:54:10,-3.216666666666667
20696,2017-11-03 16:07:10,-18.71
20548,2017-11-04 10:49:46,-3.075833333333333
20491,2017-11-04 13:54:19,-4.911944444444444
20411,2017-11-04 18:49:02,-16.25166666666667
20246,2017-11-05 11:04:08,-7.9527777777777775
20168,2017-11-05 19:01:18,-10.910277777777777
20061,2017-11-06 05:55:55,-7.5761111111111115
19999,2017-11-06 13:30:29,-16.83638888888889
19787,2017-11-07 06:20:40,-3.418888888888889
19760,2017-11-07 09:45:48,-4.684444444444445
19722,2017-11-07 14:26:52,-3.3580555555555556
19702,2017-11-07 17:48:21,-4.545833333333334
19628,2017-11-07 22:21:06,-10.931944444444444
19520,2017-11-08 09:17:01,-3.1994444444444445
19486,2017-11-08 12:28:59,-6.856388888888889
19443,2017-11-08 19:20:22,-10.50361111111111
19342,2017-11-09 05:50:35,-3.325277777777778
19317,2017-11-09 09:10:06,-6.498611111111111
19235,2017-11-09 15:40:01,-13.838055555555556
19081,2017-11-10 05:30:18,-4.099166666666667
19057,2017-11-10 09:36:15,-8.560833333333335
19003,2017-11-10 18:09:54,-18.495833333333334
18823,2017-11-11 12:39:39,-5.210833333333333
18788,2017-11-11 17:52:18,-2.8536111111111113
18766,2017-11-11 20:43:31,-17.695555555555558
18626,2017-11-12 14:25:15,-4.355
18588,2017-11-12 18:46:33,-4.851944444444444
18564,2017-11-12 23:37:40,-6.007777777777778
18502,2017-11-13 05:38:08,-3.6655555555555557
18480,2017-11-13 09:18:04,-4.6113888888888885
18425,2017-11-13 13:54:45,-4.999722222222222
18377,2017-11-13 18:54:44,-14.690833333333334
18263,2017-11-14 09:36:11,-3.4544444444444444
18206,2017-11-14 13:03:27,-20.29277777777778
18019,2017-11-15 09:21:01,-2.945
18002,2017-11-15 12:17:43,-5.636666666666667
17990,2017-11-15 17:55:55,-2.3408333333333333
17979,2017-11-15 20:16:22,-13.276666666666667
17859,2017-11-16 09:32:58,-3.8177777777777777
17840,2017-11-16 13:22:02,-5.504444444444444
17777,2017-11-16 18:52:18,-14.998611111111112
17620,2017-11-17 09:52:13,-4.240833333333334
17590,2017-11-17 14:06:40,-20.586111111111112
17448,2017-11-18 10:41:50,-3.953333333333333
17423,2017-11-18 14:39:02,-3.382222222222222
17380,2017-11-18 18:01:58,-18.876944444444444
17208,2017-11-19 12:54:35,-5.063611111111111
17173,2017-11-19 17:58:24,-12.300277777777778
17053,2017-11-20 06:16:25,-3.0791666666666666
17023,2017-11-20 09:21:10,-5.675277777777778
16988,2017-11-20 15:01:41,-18.86138888888889
16812,2017-11-21 09:53:22,-3.9163888888888887
16776,2017-11-21 13:48:21,-4.188611111111111
16726,2017-11-21 17:59:40,-15.365833333333333
16589,2017-11-22 09:21:37,-2.8855555555555554
16578,2017-11-22 12:14:45,-14.256944444444445
16476,2017-11-23 02:30:10,-6.990833333333334
16389,2017-11-23 09:29:37,-3.4788888888888887
16339,2017-11-23 12:58:21,-5.100833333333333
16295,2017-11-23 18:04:24,-11.843055555555555
16133,2017-11-24 05:54:59,-3.7911111111111113
16082,2017-11-24 09:42:27,-2.8941666666666666
16056,2017-11-24 12:36:06,-6.0175
16026,2017-11-24 18:37:09,-13.252777777777778
15935,2017-11-25 07:52:19,-4.449166666666668
15910,2017-11-25 12:19:16,-7.875277777777778
15858,2017-11-25 20:11:47,-12.016666666666667
15779,2017-11-26 08:12:47,-5.072777777777778
15731,2017-11-26 13:17:09,-4.908611111111111
15700,2017-11-26 18:11:40,-16.089166666666667
15532,2017-11-27 10:17:01,-3.9722222222222223
15510,2017-11-27 14:15:21,-4.361944444444445
15495,2017-11-27 18:37:04,-15.374166666666667
15305,2017-11-28 09:59:31,-5.282777777777778
15256,2017-11-28 15:16:29,-9.556111111111111
15187,2017-11-29 00:49:51,-5.047777777777778
15145,2017-11-29 05:52:43,-4.3291666666666675
15099,2017-11-29 10:12:28,-3.1630555555555557
15058,2017-11-29 13:22:15,-3.366388888888889
15037,2017-11-29 16:44:14,-3.0541666666666667
15019,2017-11-29 19:47:29,-10.095555555555556
14970,2017-11-30 05:53:13,-3.3519444444444444
14919,2017-11-30 09:14:20,-4.489444444444445
14907,2017-11-30 13:43:42,-5.175833333333333
14863,2017-11-30 18:54:15,-14.536944444444444
14701,2017-12-01 09:26:28,-3.466666666666667
14666,2017-12-01 12:54:28,-2.142777777777778
14661,2017-12-01 15:03:02,-4.9527777777777775
14606,2017-12-01 20:00:12,-13.834722222222222
14484,2017-12-02 09:50:17,-4.946666666666666
14445,2017-12-02 14:47:05,-4.211111111111111
14413,2017-12-02 18:59:45,-15.675
14266,2017-12-03 10:40:15,-7.285
14201,2017-12-03 17:57:21,-12.908055555555556
14081,2017-12-04 06:51:50,-3.597777777777778
14052,2017-12-04 10:27:42,-3.633888888888889
14021,2017-12-04 14:05:44,-4.206111111111111
13989,2017-12-04 18:18:06,-13.260833333333334
13865,2017-12-05 07:33:45,-7.1338888888888885
13800,2017-12-05 14:41:47,-3.4922222222222223
13769,2017-12-05 18:11:19,-12.032777777777778
13628,2017-12-06 06:13:17,-3.1955555555555555
13590,2017-12-06 09:25:01,-4.440833333333334
13539,2017-12-06 13:51:28,-9.214444444444444
13461,2017-12-06 23:04:20,-10.876388888888888
13350,2017-12-07 09:56:55,-4.536388888888889
13310,2017-12-07 14:29:06,-19.11138888888889
13163,2017-12-08 09:35:47,-7.240555555555556
13087,2017-12-08 16:50:13,-3.1019444444444444
13059,2017-12-08 19:56:20,-12.445
12946,2017-12-09 08:23:02,-5.026666666666666
12902,2017-12-09 13:24:38,-7.823055555555555
12823,2017-12-09 21:14:01,-4.233611111111111
12771,2017-12-10 01:28:02,-10.129444444444445
12693,2017-12-10 11:35:48,-7.413888888888889
12600,2017-12-10 19:00:38,-10.02361111111111
12520,2017-12-11 05:02:03,-6.091111111111111
12451,2017-12-11 11:07:31,-2.428611111111111
12433,2017-12-11 13:33:14,-4.855555555555555
12392,2017-12-11 18:24:34,-11.508888888888889
12274,2017-12-12 05:55:06,-3.513611111111111
12254,2017-12-12 09:25:55,-5.1097222222222225
12214,2017-12-12 14:32:30,-15.848888888888888
12089,2017-12-13 06:23:26,-3.048888888888889
12043,2017-12-13 09:26:22,-8.465000000000002
11965,2017-12-13 17:54:16,-13.632222222222222
11872,2017-12-14 07:32:12,-2.517777777777778
11852,2017-12-14 10:03:16,-5.225833333333333
11823,2017-12-14 15:16:49,-5.319444444444445
11752,2017-12-14 20:35:59,-8.955277777777779
11666,2017-12-15 05:33:18,-4.1577777777777785
11629,2017-12-15 09:42:46,-6.807222222222222
11535,2017-12-15 16:31:12,-2.814722222222222
11502,2017-12-15 19:20:05,-22.685277777777777
11293,2017-12-16 18:01:12,-13.44361111111111
11154,2017-12-17 07:27:49,-7.318333333333333
11097,2017-12-17 14:46:55,-4.209722222222223
11063,2017-12-17 18:59:30,-15.026944444444444
10934,2017-12-18 10:01:07,-3.9266666666666667
10899,2017-12-18 13:56:43,-8.20888888888889
10823,2017-12-18 22:09:15,-7.796388888888889
10743,2017-12-19 05:57:02,-3.238611111111111
10711,2017-12-19 09:11:21,-6.5525
10666,2017-12-19 15:44:30,-15.738055555555556
10473,2017-12-20 07:28:47,-4.209722222222223
10439,2017-12-20 11:41:22,-10.696666666666667
10329,2017-12-20 22:23:10,-11.787777777777778
10204,2017-12-21 10:10:26,-2.535
10185,2017-12-21 12:42:32,-28.790277777777778
9912,2017-12-22 17:29:57,-10.577222222222222
9809,2017-12-23 04:04:35,-4.4941666666666675
9763,2017-12-23 08:34:14,-6.385
9707,2017-12-23 14:57:20,-6.8180555555555555
9653,2017-12-23 21:46:25,-2.1022222222222227
9625,2017-12-23 23:52:33,-9.081111111111111
9554,2017-12-24 08:57:25,-4.475833333333334
9516,2017-12-24 13:25:58,-4.700555555555556
9474,2017-12-24 18:08:00,-13.96
9341,2017-12-25 08:05:36,-5.791111111111111
9290,2017-12-25 13:53:04,-2.785277777777778
9260,2017-12-25 16:40:11,-18.925555555555555
9035,2017-12-26 11:35:43,-4.508055555555556
8998,2017-12-26 16:06:12,-2.1905555555555556
8979,2017-12-26 18:17:38,-10.561388888888889
8864,2017-12-27 04:51:19,-4.515555555555556
8795,2017-12-27 09:22:15,-2.4366666666666665
8776,2017-12-27 11:48:27,-2.082777777777778
8768,2017-12-27 13:53:25,-3.705277777777778
8725,2017-12-27 17:35:44,-17.424722222222226
8576,2017-12-28 11:01:13,-4.040555555555556
8544,2017-12-28 15:03:39,-8.785277777777779
8478,2017-12-28 23:50:46,-3.466388888888889
8440,2017-12-29 03:18:45,-5.689444444444445
8397,2017-12-29 09:00:07,-2.3625
8366,2017-12-29 11:21:52,-2.0236111111111112
8335,2017-12-29 13:23:17,-20.803055555555556
8113,2017-12-30 10:11:28,-2.852777777777778
8079,2017-12-30 13:02:38,-5.766388888888889
8028,2017-12-30 18:48:37,-16.900000000000002
7848,2017-12-31 11:42:37,-4.169166666666667
7784,2017-12-31 15:52:46,-2.238888888888889
7759,2017-12-31 18:07:06,-18.41638888888889
7580,2018-01-01 12:32:05,-5.97
7528,2018-01-01 18:30:17,-228.4638888888889
7437,2018-01-11 06:58:07,-2.462222222222222
7424,2018-01-11 09:25:51,-6.606944444444444
7374,2018-01-11 16:02:16,-11.244166666666667
7254,2018-01-12 03:16:55,-6.635833333333333
7199,2018-01-12 09:55:04,-4.536111111111111
7170,2018-01-12 14:27:14,-6.1525
7119,2018-01-12 20:36:23,-17.167222222222225
6999,2018-01-13 13:46:25,-5.427777777777778
6954,2018-01-13 19:12:05,-13.347777777777777
6825,2018-01-14 08:32:57,-5.215277777777778
6779,2018-01-14 13:45:52,-6.605555555555555
6697,2018-01-14 20:22:12,-20.128055555555555
6480,2018-01-15 16:29:53,-13.505277777777778
6355,2018-01-16 06:00:12,-2.8744444444444444
6323,2018-01-16 08:52:40,-6.0505555555555555
6297,2018-01-16 14:55:42,-3.7530555555555556
6250,2018-01-16 18:40:53,-11.132222222222222
6136,2018-01-17 05:48:49,-4.051388888888889
6094,2018-01-17 09:51:54,-3.5530555555555554
6073,2018-01-17 13:25:05,-6.058333333333334
6030,2018-01-17 19:28:35,-4.508888888888889
5981,2018-01-17 23:59:07,-9.721666666666666
5881,2018-01-18 09:42:25,-4.745833333333334
5851,2018-01-18 14:27:10,-6.396388888888889
5803,2018-01-18 20:50:57,-11.30861111111111
5674,2018-01-19 08:09:28,-6.320555555555556
5618,2018-01-19 14:28:42,-15.834166666666667
5465,2018-01-20 06:18:45,-11.723888888888888
5313,2018-01-20 18:02:11,-15.674444444444445
5120,2018-01-21 09:42:39,-8.328611111111112
5037,2018-01-21 18:02:22,-15.694166666666666
4877,2018-01-22 09:44:01,-5.828888888888889
4837,2018-01-22 15:33:45,-14.796388888888888
4743,2018-01-23 06:21:32,-3.2680555555555557
4717,2018-01-23 09:37:37,-4.441666666666667
4682,2018-01-23 14:04:07,-5.743055555555555
4643,2018-01-23 19:48:42,-10.419444444444444
4551,2018-01-24 06:13:52,-4.148333333333333
4523,2018-01-24 10:22:46,-3.5994444444444444
4482,2018-01-24 13:58:44,-20.003333333333334
4271,2018-01-25 09:58:56,-6.775555555555556
4212,2018-01-25 16:45:28,-15.931111111111111
4075,2018-01-26 08:41:20,-9.746666666666666
3972,2018-01-26 18:26:08,-12.3225
3876,2018-01-27 06:45:29,-3.3030555555555554
3832,2018-01-27 10:03:40,-4.5697222222222225
3793,2018-01-27 14:37:51,-16.538333333333334
3610,2018-01-28 07:10:09,-3.1333333333333333
3573,2018-01-28 10:18:09,-5.931388888888889
3532,2018-01-28 16:14:02,-12.875
3406,2018-01-29 05:06:32,-4.0566666666666675
3385,2018-01-29 09:09:56,-2.9169444444444443
3350,2018-01-29 12:04:57,-2.8494444444444444
3325,2018-01-29 14:55:55,-2.8697222222222223
3283,2018-01-29 17:48:06,-2.8308333333333335
3261,2018-01-29 20:37:57,-12.534722222222221
3165,2018-01-30 09:10:02,-4.379722222222223
3105,2018-01-30 13:32:49,-5.059444444444445
3023,2018-01-30 18:36:23,-2.2236111111111114
2988,2018-01-30 20:49:48,-9.05
2905,2018-01-31 05:52:48,-3.0702777777777777
2856,2018-01-31 08:57:01,-4.377222222222223
2804,2018-01-31 13:19:39,-3.9002777777777777
2774,2018-01-31 17:13:40,-2.6119444444444446
2750,2018-01-31 19:50:23,-8.971944444444446
2662,2018-02-01 04:48:42,-4.16388888888889
2604,2018-02-01 08:58:32,-7.253888888888889
2540,2018-02-01 16:13:46,-8.273611111111112
2483,2018-02-02 00:30:11,-8.675555555555556
2381,2018-02-02 09:10:43,-6.2588888888888885
2320,2018-02-02 15:26:15,-6.541666666666667
2299,2018-02-02 21:58:45,-6.595277777777778
2237,2018-02-03 04:34:28,-4.890833333333333
2208,2018-02-03 09:27:55,-3.071111111111111
2183,2018-02-03 12:32:11,-2.318611111111111
2148,2018-02-03 14:51:18,-4.327500000000001
2119,2018-02-03 19:10:57,-18.28361111111111
1935,2018-02-04 13:27:58,-3.7536111111111112
1891,2018-02-04 17:13:11,-2.779166666666667
1868,2018-02-04 19:59:56,-9.904166666666667
1782,2018-02-05 05:54:11,-3.3030555555555554
1751,2018-02-05 09:12:22,-4.763055555555556
1711,2018-02-05 13:58:09,-2.255277777777778
1703,2018-02-05 16:13:28,-2.6058333333333334
1682,2018-02-05 18:49:49,-13.615555555555556
1541,2018-02-06 08:26:45,-6.447222222222222
1471,2018-02-06 14:53:35,-5.385833333333333
1405,2018-02-06 20:16:44,-9.650555555555556
1296,2018-02-07 05:55:46,-3.658611111111111
1254,2018-02-07 09:35:17,-3.116388888888889
1229,2018-02-07 12:42:16,-3.61
1191,2018-02-07 16:18:52,-2.046666666666667
1177,2018-02-07 18:21:40,-11.168888888888889
1052,2018-02-08 05:31:48,-4.039722222222222
996,2018-02-08 09:34:11,-5.772222222222222
948,2018-02-08 15:20:31,-7.0675
867,2018-02-08 22:24:34,-11.953333333333333
738,2018-02-09 10:21:46,-4.7575
664,2018-02-09 15:07:13,-23.682777777777776
486,2018-02-10 14:48:11,-4.971388888888889
432,2018-02-10 19:46:28,-14.264166666666666
300,2018-02-11 10:02:19,-2.6844444444444444
261,2018-02-11 12:43:23,-5.520555555555555
207,2018-02-11 18:14:37,-2.3113888888888887
188,2018-02-11 20:33:18,-5.960277777777778
