,0,1,2,3,4,5,6,7,8,9,10,11,12,13,14,15,16,17,18,19,20,21,22,23,24,25,26,27,28,29
1,304.0,292.0,281.0,268.0,259.0,255.0,248.0,241.0,231.0,220.0,222.0,222.0,222.0,223.0,224.0,228.0,233.0,243.0,256.0,262.0,270.0,277.0,274.0,269.0,267.0,267.0,274.0,284.0,283.0,278.0
2,40.0,40.0,40.0,40.0,60.0,71.0,83.0,87.0,100.0,112.0,121.0,125.0,130.0,132.0,123.0,112.0,89.0,77.0,69.0,66.0,67.0,71.0,75.0,74.0,72.0,70.0,67.0,74.0,77.0,81.0
3,212.0,210.0,204.0,200.0,199.0,201.0,201.0,194.0,188.0,183.0,181.0,176.0,170.0,168.0,169.0,172.0,179.0,192.0,203.0,205.0,210.0,213.0,212.0,216.0,213.0,210.0,210.0,209.0,210.0,209.0
4,145.0,141.0,137.0,133.0,129.0,124.0,125.0,122.0,123.0,130.0,149.0,162.0,169.0,179.0,192.0,203.0,212.0,211.0,213.0,204.0,200.0,196.0,189.0,183.0,179.0,177.0,173.0,165.0,153.0,152.0
5,40.0,40.0,46.0,53.0,57.0,57.0,55.0,58.0,70.0,77.0,87.0,99.0,108.0,112.0,120.0,127.0,131.0,137.0,129.0,127.0,132.0,140.0,147.0,157.0,172.0,175.0,183.0,191.0,198.0,200.0
6,225.0,226.0,216.0,214.0,208.0,203.0,198.0,194.0,197.0,199.0,201.0,205.0,206.0,206.0,204.0,197.0,188.0,178.0,170.0,163.0,155.0,147.0,139.0,132.0,126.0,123.0,123.0,111.0,109.0,107.0
7,145.0,147.0,148.0,150.0,149.0,147.0,147.0,148.0,149.0,153.0,167.0,184.0,196.0,201.0,212.0,223.0,218.0,220.0,215.0,216.0,216.0,224.0,235.0,241.0,239.0,245.0,272.0,262.0,253.0,248.0
8,108.0,140.0,161.0,180.0,197.0,201.0,209.0,222.0,226.0,237.0,238.0,251.0,250.0,247.0,247.0,244.0,237.0,230.0,224.0,223.0,226.0,228.0,231.0,229.0,217.0,202.0,187.0,181.0,177.0,174.0
9,44.0,45.0,48.0,53.0,63.0,74.0,77.0,83.0,92.0,107.0,115.0,125.0,130.0,132.0,131.0,134.0,131.0,130.0,130.0,130.0,130.0,131.0,130.0,127.0,125.0,124.0,127.0,128.0,128.0,128.0
10,135.0,144.0,155.0,167.0,182.0,192.0,194.0,201.0,198.0,190.0,180.0,169.0,163.0,157.0,155.0,161.0,169.0,170.0,167.0,162.0,159.0,162.0,162.0,158.0,145.0,147.0,151.0,155.0,152.0,148.0
11,178.0,178.0,184.0,185.0,186.0,188.0,198.0,213.0,232.0,244.0,243.0,236.0,230.0,228.0,234.0,258.0,277.0,273.0,272.0,272.0,274.0,264.0,236.0,230.0,220.0,211.0,215.0,216.0,203.0,162.0
17,84.0,85.0,88.0,91.0,95.0,101.0,109.0,112.0,115.0,118.0,117.0,120.0,127.0,125.0,126.0,125.0,124.0,127.0,131.0,133.0,131.0,127.0,130.0,139.0,154.0,166.0,169.0,174.0,178.0,181.0
18,153.0,150.0,158.0,161.0,160.0,158.0,163.0,165.0,162.0,155.0,151.0,143.0,136.0,140.0,146.0,156.0,177.0,184.0,192.0,198.0,202.0,207.0,206.0,202.0,201.0,198.0,192.0,188.0,183.0,179.0
19,99.0,98.0,99.0,100.0,102.0,108.0,114.0,126.0,139.0,153.0,170.0,183.0,195.0,203.0,210.0,217.0,223.0,223.0,223.0,218.0,217.0,221.0,224.0,224.0,220.0,214.0,205.0,194.0,188.0,180.0
20,97.0,111.0,124.0,136.0,146.0,157.0,171.0,178.0,191.0,206.0,211.0,222.0,226.0,219.0,210.0,202.0,195.0,195.0,192.0,186.0,181.0,179.0,182.0,179.0,172.0,167.0,172.0,176.0,179.0,177.0
21,141.0,142.0,136.0,139.0,147.0,153.0,164.0,168.0,176.0,179.0,171.0,166.0,161.0,161.0,167.0,169.0,169.0,171.0,175.0,181.0,192.0,191.0,188.0,181.0,170.0,158.0,148.0,134.0,124.0,118.0
22,124.0,118.0,118.0,121.0,131.0,139.0,150.0,156.0,157.0,151.0,143.0,134.0,132.0,135.0,136.0,130.0,116.0,98.0,92.0,96.0,103.0,107.0,107.0,102.0,95.0,93.0,98.0,108.0,122.0,131.0
23,149.0,146.0,146.0,149.0,154.0,155.0,154.0,153.0,153.0,152.0,152.0,153.0,159.0,170.0,183.0,200.0,213.0,223.0,232.0,237.0,243.0,247.0,248.0,247.0,246.0,243.0,238.0,230.0,223.0,219.0
24,151.0,141.0,131.0,125.0,118.0,112.0,105.0,107.0,109.0,115.0,123.0,142.0,156.0,169.0,177.0,191.0,208.0,209.0,216.0,222.0,227.0,232.0,239.0,247.0,246.0,246.0,244.0,240.0,237.0,230.0
25,106.0,103.0,98.0,92.0,96.0,99.0,100.0,96.0,94.0,96.0,100.0,107.0,124.0,135.0,143.0,152.0,157.0,160.0,157.0,153.0,152.0,152.0,153.0,153.0,154.0,156.0,153.0,147.0,138.0,126.0
26,120.0,126.0,129.0,129.0,123.0,113.0,109.0,111.0,115.0,116.0,116.0,117.0,127.0,147.0,158.0,168.0,181.0,181.0,180.0,174.0,169.0,169.0,173.0,174.0,172.0,171.0,170.0,170.0,171.0,171.0
27,273.0,265.0,247.0,236.0,234.0,228.0,219.0,203.0,188.0,174.0,162.0,153.0,145.0,134.0,126.0,126.0,126.0,130.0,130.0,131.0,136.0,138.0,139.0,142.0,142.0,142.0,144.0,150.0,152.0,151.0
28,66.0,65.0,65.0,68.0,74.0,88.0,100.0,110.0,129.0,141.0,142.0,144.0,140.0,135.0,131.0,124.0,121.0,115.0,109.0,109.0,111.0,113.0,111.0,110.0,109.0,110.0,115.0,117.0,117.0,113.0
29,95.0,96.0,98.0,99.0,102.0,110.0,130.0,150.0,176.0,195.0,211.0,221.0,225.0,226.0,233.0,234.0,238.0,225.0,219.0,225.0,226.0,221.0,220.0,219.0,222.0,236.0,244.0,249.0,251.0,251.0
30,114.0,112.0,110.0,108.0,108.0,113.0,130.0,148.0,163.0,188.0,210.0,227.0,231.0,245.0,265.0,269.0,270.0,279.0,288.0,303.0,319.0,331.0,347.0,373.0,377.0,367.0,361.0,358.0,365.0,380.0
31,271.0,272.0,265.0,251.0,228.0,233.0,237.0,229.0,222.0,218.0,215.0,219.0,224.0,231.0,231.0,231.0,230.0,230.0,240.0,272.0,265.0,258.0,253.0,254.0,254.0,255.0,260.0,267.0,265.0,251.0
33,151.0,145.0,143.0,139.0,132.0,135.0,136.0,137.0,138.0,138.0,144.0,159.0,181.0,194.0,215.0,240.0,256.0,265.0,282.0,293.0,281.0,284.0,286.0,297.0,302.0,295.0,290.0,289.0,294.0,299.0
37,90.0,101.0,119.0,135.0,151.0,165.0,179.0,191.0,201.0,213.0,220.0,227.0,228.0,227.0,226.0,228.0,244.0,252.0,258.0,268.0,265.0,258.0,251.0,249.0,253.0,263.0,266.0,266.0,261.0,259.0
38,255.0,252.0,247.0,242.0,238.0,231.0,229.0,222.0,224.0,232.0,244.0,260.0,262.0,263.0,262.0,259.0,259.0,256.0,251.0,245.0,243.0,239.0,233.0,224.0,209.0,196.0,183.0,169.0,162.0,158.0
39,98.0,95.0,90.0,87.0,90.0,93.0,95.0,98.0,99.0,104.0,115.0,130.0,139.0,151.0,160.0,169.0,176.0,181.0,178.0,172.0,170.0,171.0,170.0,167.0,165.0,161.0,156.0,154.0,151.0,149.0
40,131.0,128.0,120.0,112.0,108.0,110.0,114.0,116.0,119.0,129.0,138.0,150.0,160.0,179.0,199.0,215.0,227.0,238.0,251.0,263.0,268.0,275.0,269.0,265.0,269.0,290.0,290.0,280.0,260.0,234.0
41,267.0,262.0,256.0,245.0,233.0,221.0,211.0,202.0,198.0,199.0,206.0,212.0,216.0,217.0,213.0,209.0,202.0,191.0,183.0,175.0,181.0,181.0,171.0,166.0,159.0,153.0,147.0,135.0,122.0,112.0
42,294.0,301.0,308.0,309.0,315.0,317.0,317.0,318.0,316.0,317.0,315.0,311.0,306.0,297.0,284.0,271.0,261.0,252.0,244.0,236.0,228.0,219.0,210.0,203.0,197.0,194.0,193.0,192.0,191.0,187.0
43,195.0,210.0,216.0,224.0,231.0,246.0,261.0,259.0,262.0,278.0,287.0,278.0,261.0,255.0,257.0,251.0,249.0,244.0,232.0,233.0,242.0,239.0,240.0,244.0,245.0,235.0,234.0,236.0,236.0,235.0
45,145.0,149.0,147.0,150.0,149.0,141.0,138.0,137.0,133.0,131.0,137.0,142.0,149.0,165.0,201.0,209.0,231.0,232.0,240.0,250.0,266.0,268.0,267.0,275.0,294.0,301.0,317.0,323.0,335.0,335.0
46,304.0,304.0,311.0,304.0,294.0,286.0,281.0,278.0,277.0,277.0,282.0,301.0,307.0,306.0,296.0,295.0,309.0,310.0,311.0,312.0,311.0,300.0,291.0,293.0,292.0,271.0,273.0,267.0,249.0,256.0
47,88.0,80.0,74.0,69.0,65.0,58.0,64.0,64.0,62.0,61.0,62.0,64.0,68.0,78.0,85.0,87.0,86.0,81.0,77.0,73.0,70.0,68.0,66.0,66.0,66.0,66.0,67.0,69.0,71.0,73.0
48,142.0,140.0,134.0,130.0,129.0,133.0,132.0,133.0,131.0,127.0,128.0,129.0,128.0,135.0,141.0,150.0,163.0,194.0,195.0,206.0,202.0,193.0,188.0,187.0,189.0,183.0,180.0,176.0,178.0,181.0
51,108.0,109.0,110.0,112.0,113.0,114.0,116.0,120.0,124.0,131.0,144.0,153.0,158.0,166.0,177.0,162.0,154.0,165.0,170.0,178.0,184.0,191.0,197.0,203.0,207.0,212.0,215.0,218.0,220.0,221.0
52,171.0,166.0,160.0,153.0,147.0,144.0,142.0,147.0,151.0,157.0,169.0,178.0,181.0,186.0,195.0,202.0,208.0,215.0,221.0,230.0,236.0,238.0,236.0,232.0,233.0,232.0,230.0,225.0,214.0,203.0
53,228.0,223.0,226.0,229.0,228.0,225.0,224.0,226.0,231.0,239.0,238.0,233.0,226.0,215.0,207.0,201.0,195.0,190.0,190.0,191.0,188.0,185.0,181.0,180.0,181.0,180.0,177.0,168.0,156.0,159.0
54,116.0,115.0,116.0,117.0,122.0,126.0,128.0,129.0,133.0,142.0,157.0,171.0,179.0,186.0,193.0,197.0,203.0,208.0,211.0,213.0,214.0,216.0,221.0,226.0,231.0,238.0,241.0,241.0,244.0,253.0
55,96.0,92.0,89.0,86.0,84.0,78.0,75.0,77.0,83.0,101.0,126.0,136.0,143.0,142.0,139.0,130.0,124.0,124.0,122.0,116.0,115.0,119.0,125.0,131.0,138.0,141.0,141.0,144.0,149.0,156.0
56,126.0,126.0,129.0,138.0,154.0,166.0,169.0,182.0,208.0,232.0,240.0,256.0,279.0,276.0,280.0,285.0,284.0,285.0,284.0,282.0,272.0,260.0,255.0,247.0,236.0,227.0,220.0,213.0,207.0,202.0
57,88.0,104.0,151.0,148.0,149.0,144.0,134.0,132.0,123.0,116.0,111.0,107.0,107.0,116.0,140.0,141.0,134.0,138.0,137.0,122.0,116.0,114.0,114.0,111.0,113.0,122.0,131.0,133.0,129.0,119.0
58,92.0,86.0,86.0,82.0,77.0,80.0,79.0,74.0,73.0,77.0,89.0,105.0,112.0,106.0,99.0,96.0,91.0,90.0,83.0,72.0,63.0,57.0,51.0,49.0,51.0,55.0,64.0,88.0,122.0,141.0
59,144.0,142.0,136.0,132.0,131.0,137.0,155.0,161.0,167.0,177.0,175.0,163.0,157.0,155.0,159.0,162.0,167.0,177.0,203.0,199.0,197.0,204.0,223.0,251.0,244.0,223.0,211.0,202.0,209.0,222.0
60,287.0,309.0,325.0,341.0,355.0,362.0,328.0,312.0,309.0,299.0,289.0,293.0,303.0,305.0,305.0,310.0,304.0,283.0,262.0,240.0,225.0,234.0,257.0,257.0,251.0,247.0,241.0,238.0,234.0,228.0
61,103.0,96.0,82.0,72.0,69.0,63.0,52.0,51.0,46.0,40.0,40.0,43.0,47.0,54.0,75.0,80.0,89.0,90.0,91.0,101.0,96.0,92.0,93.0,107.0,120.0,135.0,129.0,117.0,102.0,99.0
62,153.0,146.0,137.0,130.0,122.0,126.0,129.0,127.0,127.0,124.0,121.0,120.0,121.0,114.0,93.0,91.0,98.0,106.0,112.0,122.0,120.0,118.0,120.0,131.0,142.0,153.0,172.0,193.0,196.0,197.0
63,84.0,79.0,76.0,74.0,80.0,81.0,80.0,82.0,83.0,94.0,131.0,146.0,158.0,171.0,185.0,197.0,212.0,221.0,228.0,218.0,205.0,190.0,164.0,147.0,144.0,134.0,130.0,129.0,125.0,132.0
64,86.0,89.0,98.0,113.0,127.0,122.0,110.0,109.0,120.0,128.0,131.0,132.0,128.0,120.0,111.0,109.0,111.0,114.0,111.0,106.0,100.0,96.0,95.0,95.0,94.0,91.0,92.0,91.0,88.0,88.0
65,86.0,91.0,91.0,91.0,91.0,92.0,105.0,115.0,116.0,112.0,108.0,104.0,106.0,109.0,110.0,113.0,126.0,128.0,129.0,128.0,128.0,131.0,133.0,137.0,143.0,155.0,156.0,148.0,144.0,143.0
66,139.0,135.0,132.0,136.0,150.0,153.0,154.0,150.0,143.0,138.0,131.0,124.0,116.0,110.0,111.0,111.0,110.0,110.0,111.0,112.0,111.0,113.0,115.0,116.0,119.0,126.0,129.0,135.0,141.0,141.0
68,125.0,124.0,125.0,125.0,126.0,131.0,140.0,154.0,165.0,164.0,171.0,174.0,180.0,174.0,171.0,174.0,172.0,166.0,167.0,167.0,170.0,169.0,164.0,153.0,155.0,163.0,166.0,172.0,173.0,171.0
70,97.0,103.0,111.0,122.0,137.0,150.0,157.0,166.0,172.0,177.0,181.0,184.0,177.0,172.0,166.0,156.0,155.0,152.0,148.0,143.0,133.0,126.0,120.0,116.0,121.0,125.0,126.0,124.0,119.0,112.0
71,40.0,40.0,43.0,50.0,53.0,53.0,52.0,64.0,69.0,71.0,77.0,86.0,92.0,96.0,95.0,94.0,93.0,94.0,97.0,102.0,111.0,124.0,123.0,123.0,114.0,104.0,99.0,92.0,88.0,91.0
72,212.0,210.0,207.0,205.0,206.0,206.0,204.0,203.0,199.0,199.0,205.0,216.0,232.0,240.0,248.0,255.0,262.0,269.0,275.0,282.0,287.0,294.0,302.0,299.0,305.0,316.0,320.0,321.0,315.0,308.0
73,111.0,114.0,108.0,105.0,99.0,96.0,91.0,87.0,88.0,95.0,112.0,131.0,143.0,152.0,160.0,166.0,170.0,170.0,169.0,167.0,162.0,161.0,166.0,175.0,177.0,178.0,183.0,197.0,209.0,219.0
74,176.0,168.0,156.0,150.0,142.0,133.0,127.0,122.0,133.0,150.0,162.0,176.0,186.0,190.0,189.0,180.0,177.0,177.0,179.0,179.0,172.0,171.0,169.0,165.0,161.0,158.0,158.0,163.0,170.0,176.0
75,153.0,150.0,145.0,139.0,134.0,136.0,138.0,141.0,145.0,153.0,178.0,190.0,195.0,200.0,207.0,214.0,224.0,229.0,232.0,228.0,222.0,222.0,219.0,214.0,215.0,220.0,223.0,222.0,219.0,212.0
76,238.0,257.0,257.0,258.0,259.0,259.0,259.0,255.0,251.0,249.0,246.0,245.0,242.0,224.0,215.0,205.0,205.0,206.0,215.0,231.0,230.0,221.0,214.0,199.0,187.0,180.0,182.0,185.0,179.0,172.0
77,140.0,137.0,134.0,134.0,130.0,122.0,116.0,116.0,123.0,136.0,159.0,183.0,189.0,195.0,193.0,190.0,186.0,187.0,193.0,196.0,195.0,190.0,182.0,172.0,162.0,158.0,151.0,143.0,135.0,129.0
78,296.0,308.0,313.0,320.0,326.0,328.0,335.0,357.0,365.0,377.0,372.0,368.0,365.0,354.0,341.0,326.0,316.0,302.0,281.0,258.0,237.0,218.0,201.0,188.0,176.0,167.0,132.0,126.0,123.0,117.0
80,136.0,138.0,140.0,140.0,139.0,134.0,128.0,131.0,143.0,164.0,179.0,197.0,216.0,230.0,240.0,245.0,242.0,238.0,237.0,238.0,246.0,255.0,262.0,270.0,265.0,257.0,253.0,249.0,245.0,241.0
81,367.0,374.0,383.0,382.0,372.0,365.0,356.0,343.0,332.0,327.0,316.0,303.0,289.0,274.0,261.0,247.0,235.0,233.0,221.0,204.0,185.0,170.0,155.0,143.0,131.0,116.0,105.0,93.0,81.0,68.0
82,40.0,45.0,50.0,53.0,53.0,51.0,50.0,55.0,74.0,93.0,118.0,136.0,157.0,178.0,197.0,212.0,211.0,211.0,209.0,217.0,235.0,249.0,256.0,258.0,255.0,258.0,275.0,326.0,347.0,355.0
83,152.0,159.0,198.0,248.0,261.0,254.0,235.0,238.0,240.0,238.0,226.0,227.0,237.0,251.0,281.0,318.0,350.0,351.0,338.0,336.0,331.0,329.0,332.0,348.0,356.0,350.0,350.0,355.0,358.0,366.0
86,104.0,114.0,117.0,122.0,127.0,119.0,116.0,112.0,109.0,97.0,93.0,93.0,94.0,100.0,121.0,126.0,139.0,137.0,128.0,129.0,129.0,129.0,121.0,114.0,119.0,121.0,122.0,121.0,119.0,119.0
89,219.0,228.0,235.0,242.0,249.0,257.0,263.0,267.0,272.0,278.0,277.0,275.0,268.0,258.0,243.0,232.0,229.0,219.0,208.0,191.0,186.0,181.0,175.0,173.0,170.0,167.0,166.0,168.0,166.0,159.0
90,154.0,149.0,142.0,137.0,132.0,125.0,119.0,112.0,107.0,109.0,114.0,122.0,132.0,139.0,146.0,151.0,156.0,159.0,160.0,159.0,155.0,151.0,146.0,142.0,140.0,138.0,138.0,138.0,138.0,137.0
91,104.0,103.0,102.0,100.0,98.0,97.0,97.0,99.0,103.0,112.0,126.0,135.0,144.0,154.0,161.0,169.0,176.0,182.0,187.0,189.0,187.0,186.0,183.0,183.0,183.0,182.0,182.0,181.0,180.0,178.0
92,142.0,139.0,137.0,137.0,138.0,138.0,136.0,135.0,135.0,139.0,155.0,173.0,185.0,197.0,207.0,218.0,226.0,231.0,235.0,236.0,232.0,228.0,224.0,219.0,209.0,199.0,193.0,186.0,180.0,178.0
93,93.0,92.0,91.0,91.0,90.0,87.0,85.0,85.0,84.0,84.0,86.0,93.0,112.0,130.0,142.0,156.0,173.0,189.0,201.0,212.0,218.0,220.0,219.0,214.0,210.0,208.0,206.0,205.0,205.0,207.0
94,208.0,209.0,207.0,207.0,208.0,208.0,208.0,208.0,210.0,215.0,222.0,227.0,228.0,224.0,219.0,216.0,214.0,213.0,214.0,215.0,213.0,209.0,208.0,209.0,211.0,213.0,214.0,215.0,215.0,215.0
95,223.0,228.0,238.0,248.0,257.0,266.0,273.0,276.0,277.0,278.0,284.0,289.0,298.0,295.0,288.0,278.0,260.0,246.0,234.0,223.0,213.0,204.0,191.0,177.0,168.0,158.0,146.0,135.0,125.0,117.0
96,111.0,112.0,114.0,114.0,117.0,118.0,119.0,122.0,124.0,125.0,127.0,135.0,154.0,166.0,179.0,190.0,196.0,203.0,206.0,202.0,197.0,194.0,199.0,209.0,214.0,216.0,212.0,208.0,203.0,197.0
97,130.0,132.0,133.0,133.0,132.0,129.0,128.0,130.0,134.0,142.0,151.0,156.0,164.0,173.0,179.0,186.0,194.0,194.0,200.0,209.0,214.0,214.0,205.0,201.0,200.0,204.0,215.0,230.0,240.0,241.0
98,133.0,136.0,137.0,139.0,160.0,174.0,182.0,187.0,196.0,215.0,227.0,242.0,262.0,292.0,313.0,333.0,354.0,355.0,328.0,333.0,340.0,344.0,347.0,347.0,345.0,348.0,362.0,368.0,378.0,385.0
99,240.0,238.0,233.0,231.0,223.0,213.0,206.0,206.0,204.0,206.0,216.0,217.0,222.0,231.0,240.0,248.0,263.0,273.0,261.0,259.0,261.0,267.0,269.0,274.0,281.0,287.0,294.0,308.0,302.0,303.0
100,395.0,389.0,378.0,365.0,349.0,340.0,324.0,317.0,299.0,289.0,280.0,272.0,262.0,255.0,242.0,235.0,227.0,220.0,206.0,205.0,198.0,195.0,201.0,205.0,204.0,195.0,189.0,181.0,176.0,177.0
101,139.0,139.0,139.0,142.0,141.0,140.0,136.0,137.0,146.0,175.0,186.0,202.0,225.0,245.0,265.0,288.0,300.0,313.0,312.0,305.0,309.0,308.0,310.0,321.0,320.0,315.0,307.0,308.0,304.0,283.0
102,40.0,44.0,54.0,80.0,97.0,112.0,111.0,124.0,130.0,136.0,152.0,167.0,179.0,191.0,200.0,209.0,216.0,216.0,214.0,210.0,208.0,204.0,199.0,195.0,191.0,187.0,184.0,182.0,180.0,178.0
103,174.0,178.0,176.0,176.0,183.0,184.0,190.0,189.0,186.0,187.0,200.0,229.0,234.0,235.0,222.0,221.0,223.0,227.0,228.0,226.0,229.0,226.0,215.0,197.0,180.0,156.0,162.0,174.0,172.0,176.0
104,111.0,111.0,108.0,103.0,104.0,106.0,106.0,113.0,114.0,114.0,113.0,114.0,115.0,119.0,136.0,145.0,156.0,150.0,148.0,144.0,143.0,143.0,138.0,121.0,125.0,128.0,126.0,134.0,128.0,126.0
109,105.0,102.0,99.0,100.0,102.0,106.0,114.0,130.0,144.0,154.0,164.0,173.0,181.0,187.0,193.0,191.0,185.0,179.0,177.0,179.0,179.0,177.0,175.0,173.0,172.0,174.0,174.0,169.0,156.0,153.0
110,130.0,129.0,126.0,123.0,118.0,115.0,118.0,118.0,116.0,116.0,116.0,117.0,122.0,138.0,151.0,157.0,165.0,174.0,177.0,180.0,182.0,189.0,199.0,200.0,195.0,192.0,190.0,193.0,201.0,204.0
111,86.0,80.0,79.0,78.0,73.0,69.0,66.0,65.0,67.0,73.0,89.0,109.0,121.0,131.0,139.0,142.0,146.0,146.0,144.0,141.0,140.0,141.0,142.0,142.0,141.0,139.0,139.0,142.0,147.0,151.0
112,143.0,144.0,143.0,142.0,139.0,139.0,142.0,150.0,169.0,182.0,194.0,205.0,214.0,213.0,206.0,194.0,178.0,169.0,164.0,159.0,156.0,153.0,147.0,141.0,137.0,139.0,143.0,148.0,152.0,154.0
113,102.0,102.0,103.0,105.0,107.0,110.0,119.0,127.0,137.0,149.0,157.0,165.0,177.0,188.0,198.0,208.0,216.0,222.0,229.0,237.0,242.0,247.0,249.0,250.0,250.0,248.0,248.0,249.0,249.0,248.0
114,194.0,192.0,191.0,190.0,185.0,175.0,165.0,160.0,161.0,169.0,177.0,192.0,204.0,215.0,226.0,233.0,242.0,247.0,254.0,260.0,267.0,274.0,280.0,288.0,299.0,300.0,293.0,287.0,282.0,279.0
115,174.0,178.0,182.0,184.0,186.0,187.0,193.0,204.0,214.0,221.0,226.0,229.0,223.0,214.0,200.0,181.0,171.0,163.0,154.0,144.0,136.0,125.0,110.0,99.0,87.0,82.0,76.0,69.0,63.0,59.0
116,115.0,115.0,118.0,127.0,146.0,159.0,172.0,179.0,181.0,186.0,191.0,197.0,192.0,187.0,182.0,179.0,178.0,177.0,172.0,167.0,162.0,160.0,159.0,157.0,155.0,150.0,145.0,140.0,135.0,129.0
117,98.0,97.0,97.0,97.0,98.0,98.0,97.0,95.0,93.0,93.0,97.0,102.0,111.0,124.0,123.0,128.0,146.0,156.0,165.0,175.0,182.0,190.0,199.0,209.0,219.0,227.0,233.0,235.0,234.0,234.0
118,233.0,235.0,234.0,234.0,239.0,248.0,255.0,257.0,258.0,260.0,261.0,263.0,264.0,261.0,254.0,250.0,246.0,240.0,227.0,219.0,214.0,208.0,206.0,203.0,197.0,192.0,189.0,184.0,180.0,179.0
119,88.0,89.0,87.0,83.0,77.0,70.0,64.0,61.0,65.0,74.0,102.0,120.0,136.0,145.0,149.0,159.0,170.0,180.0,188.0,191.0,197.0,201.0,202.0,201.0,198.0,191.0,177.0,159.0,152.0,145.0
121,68.0,61.0,72.0,76.0,81.0,93.0,104.0,120.0,136.0,152.0,168.0,186.0,193.0,193.0,193.0,178.0,148.0,131.0,121.0,113.0,110.0,108.0,110.0,115.0,117.0,118.0,116.0,114.0,113.0,113.0
122,129.0,146.0,166.0,191.0,215.0,235.0,253.0,274.0,293.0,292.0,299.0,301.0,304.0,306.0,299.0,296.0,297.0,301.0,303.0,301.0,300.0,294.0,289.0,283.0,270.0,267.0,266.0,264.0,254.0,245.0
123,147.0,143.0,135.0,121.0,110.0,102.0,91.0,82.0,82.0,80.0,80.0,80.0,76.0,73.0,70.0,68.0,66.0,65.0,67.0,67.0,67.0,61.0,52.0,44.0,50.0,55.0,60.0,65.0,71.0,75.0
124,356.0,350.0,351.0,354.0,348.0,344.0,336.0,327.0,315.0,301.0,287.0,263.0,248.0,230.0,221.0,215.0,209.0,202.0,194.0,186.0,176.0,163.0,149.0,136.0,125.0,120.0,112.0,105.0,100.0,96.0
125,177.0,198.0,218.0,234.0,249.0,257.0,265.0,271.0,276.0,280.0,290.0,288.0,287.0,281.0,274.0,258.0,249.0,242.0,234.0,227.0,226.0,223.0,221.0,216.0,207.0,212.0,211.0,209.0,208.0,204.0
128,218.0,220.0,221.0,221.0,218.0,210.0,210.0,214.0,219.0,230.0,231.0,232.0,229.0,224.0,221.0,216.0,208.0,198.0,195.0,196.0,195.0,191.0,188.0,185.0,178.0,176.0,179.0,185.0,185.0,184.0
129,100.0,109.0,116.0,118.0,120.0,123.0,127.0,126.0,130.0,136.0,132.0,132.0,136.0,142.0,146.0,148.0,147.0,147.0,147.0,144.0,140.0,136.0,139.0,141.0,142.0,144.0,143.0,140.0,138.0,139.0
130,178.0,178.0,180.0,183.0,186.0,184.0,183.0,181.0,184.0,198.0,208.0,220.0,233.0,246.0,258.0,269.0,278.0,276.0,274.0,271.0,271.0,271.0,269.0,270.0,269.0,268.0,271.0,277.0,276.0,276.0
131,158.0,154.0,149.0,139.0,127.0,120.0,127.0,141.0,155.0,168.0,180.0,191.0,201.0,201.0,207.0,209.0,201.0,199.0,192.0,179.0,166.0,153.0,144.0,133.0,131.0,125.0,119.0,112.0,106.0,100.0
132,127.0,135.0,130.0,123.0,117.0,118.0,121.0,124.0,126.0,131.0,134.0,132.0,131.0,127.0,125.0,125.0,124.0,120.0,118.0,116.0,111.0,101.0,88.0,83.0,79.0,83.0,87.0,87.0,85.0,84.0
133,136.0,132.0,129.0,126.0,124.0,124.0,120.0,114.0,111.0,112.0,117.0,120.0,124.0,139.0,151.0,162.0,171.0,177.0,184.0,193.0,197.0,206.0,212.0,205.0,204.0,198.0,193.0,185.0,177.0,169.0
134,126.0,129.0,131.0,129.0,131.0,131.0,134.0,141.0,151.0,160.0,157.0,154.0,154.0,160.0,175.0,188.0,185.0,183.0,180.0,177.0,177.0,179.0,178.0,176.0,175.0,176.0,177.0,175.0,171.0,165.0
135,95.0,95.0,96.0,102.0,115.0,141.0,168.0,188.0,205.0,212.0,209.0,194.0,181.0,164.0,154.0,145.0,136.0,127.0,121.0,117.0,112.0,100.0,90.0,82.0,76.0,71.0,80.0,88.0,89.0,90.0
136,134.0,137.0,146.0,161.0,172.0,192.0,206.0,219.0,229.0,241.0,253.0,253.0,264.0,273.0,275.0,275.0,277.0,273.0,267.0,257.0,256.0,248.0,230.0,222.0,218.0,205.0,193.0,187.0,181.0,173.0
137,151.0,153.0,149.0,143.0,144.0,153.0,160.0,161.0,169.0,184.0,188.0,198.0,207.0,219.0,222.0,228.0,233.0,238.0,240.0,243.0,241.0,239.0,240.0,245.0,246.0,245.0,240.0,239.0,241.0,244.0
138,131.0,131.0,127.0,124.0,122.0,121.0,118.0,111.0,105.0,101.0,103.0,104.0,102.0,104.0,109.0,113.0,122.0,134.0,133.0,133.0,136.0,149.0,172.0,188.0,197.0,201.0,205.0,207.0,207.0,207.0
139,108.0,103.0,110.0,118.0,129.0,143.0,148.0,152.0,156.0,160.0,157.0,157.0,156.0,156.0,155.0,150.0,139.0,125.0,119.0,112.0,105.0,102.0,103.0,111.0,115.0,119.0,120.0,118.0,118.0,118.0
140,49.0,51.0,56.0,70.0,93.0,112.0,126.0,132.0,141.0,148.0,154.0,158.0,165.0,175.0,184.0,189.0,184.0,178.0,175.0,173.0,168.0,162.0,158.0,153.0,154.0,159.0,166.0,182.0,183.0,185.0
141,109.0,109.0,111.0,113.0,112.0,110.0,108.0,111.0,112.0,112.0,113.0,111.0,107.0,106.0,103.0,102.0,107.0,119.0,131.0,138.0,145.0,147.0,148.0,148.0,153.0,163.0,169.0,171.0,171.0,167.0
142,182.0,182.0,188.0,191.0,191.0,191.0,195.0,201.0,210.0,221.0,224.0,215.0,196.0,163.0,151.0,141.0,127.0,114.0,107.0,99.0,92.0,82.0,72.0,63.0,55.0,60.0,60.0,70.0,93.0,104.0
143,80.0,74.0,71.0,71.0,66.0,63.0,64.0,65.0,70.0,79.0,105.0,120.0,135.0,136.0,143.0,151.0,151.0,150.0,147.0,149.0,150.0,145.0,122.0,128.0,140.0,154.0,165.0,164.0,163.0,162.0
144,129.0,131.0,128.0,125.0,122.0,117.0,114.0,110.0,120.0,129.0,135.0,148.0,155.0,154.0,148.0,153.0,166.0,174.0,178.0,179.0,173.0,162.0,150.0,148.0,154.0,157.0,154.0,140.0,126.0,122.0
145,105.0,137.0,161.0,183.0,204.0,226.0,247.0,267.0,290.0,297.0,304.0,301.0,286.0,262.0,245.0,225.0,197.0,176.0,155.0,149.0,147.0,144.0,145.0,136.0,121.0,119.0,115.0,111.0,97.0,90.0
146,153.0,149.0,151.0,152.0,149.0,138.0,127.0,122.0,129.0,139.0,159.0,172.0,173.0,172.0,165.0,155.0,146.0,135.0,126.0,117.0,112.0,119.0,130.0,139.0,153.0,163.0,169.0,175.0,183.0,188.0
147,129.0,129.0,127.0,127.0,128.0,129.0,133.0,144.0,156.0,168.0,176.0,186.0,199.0,199.0,205.0,207.0,207.0,210.0,205.0,199.0,194.0,195.0,199.0,200.0,197.0,192.0,185.0,184.0,188.0,191.0
149,110.0,109.0,108.0,109.0,118.0,135.0,153.0,167.0,181.0,177.0,182.0,186.0,183.0,185.0,182.0,182.0,190.0,198.0,198.0,194.0,186.0,180.0,179.0,177.0,181.0,182.0,181.0,179.0,172.0,157.0
150,110.0,103.0,96.0,95.0,101.0,116.0,137.0,160.0,174.0,186.0,197.0,199.0,207.0,215.0,211.0,201.0,192.0,185.0,181.0,178.0,175.0,173.0,170.0,167.0,150.0,146.0,152.0,177.0,177.0,168.0
151,151.0,152.0,175.0,184.0,178.0,177.0,177.0,182.0,188.0,202.0,218.0,224.0,234.0,246.0,257.0,267.0,264.0,259.0,257.0,256.0,258.0,261.0,269.0,279.0,285.0,290.0,297.0,307.0,312.0,310.0
152,309.0,313.0,324.0,326.0,322.0,309.0,278.0,255.0,252.0,260.0,269.0,275.0,277.0,274.0,268.0,259.0,250.0,241.0,237.0,238.0,241.0,237.0,219.0,204.0,192.0,188.0,181.0,180.0,180.0,176.0
153,67.0,66.0,70.0,81.0,111.0,116.0,126.0,138.0,136.0,131.0,131.0,126.0,118.0,111.0,103.0,92.0,79.0,73.0,62.0,63.0,63.0,65.0,64.0,63.0,64.0,66.0,70.0,75.0,80.0,83.0
154,190.0,196.0,192.0,184.0,178.0,175.0,174.0,172.0,164.0,166.0,173.0,191.0,207.0,216.0,222.0,223.0,217.0,211.0,207.0,206.0,198.0,191.0,182.0,180.0,184.0,188.0,189.0,186.0,182.0,174.0
155,197.0,189.0,183.0,180.0,184.0,197.0,217.0,227.0,233.0,239.0,240.0,231.0,229.0,223.0,207.0,199.0,194.0,191.0,192.0,194.0,194.0,194.0,192.0,193.0,195.0,194.0,191.0,187.0,180.0,179.0
156,105.0,117.0,128.0,138.0,153.0,164.0,176.0,181.0,184.0,190.0,195.0,189.0,188.0,189.0,198.0,212.0,212.0,208.0,200.0,195.0,192.0,189.0,187.0,189.0,194.0,196.0,197.0,193.0,180.0,168.0
157,95.0,100.0,102.0,106.0,117.0,140.0,157.0,169.0,172.0,183.0,196.0,204.0,214.0,224.0,230.0,239.0,240.0,246.0,256.0,259.0,261.0,264.0,267.0,272.0,278.0,281.0,281.0,281.0,276.0,268.0
158,89.0,97.0,109.0,118.0,129.0,149.0,166.0,170.0,179.0,177.0,172.0,172.0,170.0,169.0,172.0,186.0,190.0,185.0,176.0,169.0,159.0,152.0,155.0,163.0,177.0,179.0,178.0,179.0,183.0,187.0
159,117.0,118.0,119.0,121.0,125.0,127.0,132.0,136.0,143.0,164.0,164.0,173.0,179.0,186.0,193.0,193.0,190.0,182.0,173.0,162.0,156.0,157.0,156.0,155.0,151.0,143.0,129.0,129.0,127.0,126.0
160,100.0,107.0,105.0,128.0,130.0,132.0,137.0,147.0,161.0,188.0,198.0,215.0,224.0,235.0,246.0,260.0,275.0,286.0,299.0,304.0,310.0,314.0,314.0,308.0,307.0,310.0,311.0,312.0,310.0,309.0
161,250.0,250.0,247.0,246.0,239.0,222.0,211.0,207.0,207.0,218.0,224.0,230.0,240.0,242.0,243.0,246.0,248.0,251.0,251.0,245.0,228.0,210.0,196.0,177.0,167.0,155.0,145.0,142.0,137.0,132.0
162,111.0,112.0,114.0,114.0,111.0,107.0,107.0,113.0,122.0,131.0,139.0,145.0,147.0,145.0,144.0,146.0,155.0,163.0,163.0,157.0,153.0,152.0,152.0,156.0,163.0,174.0,195.0,211.0,222.0,232.0
163,87.0,93.0,91.0,81.0,76.0,72.0,65.0,64.0,66.0,71.0,81.0,94.0,114.0,132.0,135.0,150.0,154.0,157.0,150.0,139.0,136.0,129.0,122.0,123.0,116.0,117.0,118.0,115.0,110.0,105.0
164,173.0,168.0,164.0,162.0,163.0,164.0,165.0,166.0,177.0,198.0,215.0,223.0,221.0,216.0,206.0,197.0,185.0,181.0,175.0,171.0,170.0,173.0,175.0,176.0,176.0,173.0,172.0,172.0,169.0,163.0
165,139.0,135.0,134.0,133.0,130.0,122.0,118.0,113.0,117.0,125.0,144.0,176.0,192.0,202.0,208.0,218.0,217.0,203.0,182.0,181.0,178.0,156.0,151.0,148.0,136.0,122.0,103.0,99.0,89.0,89.0
166,166.0,167.0,170.0,171.0,171.0,170.0,170.0,167.0,164.0,165.0,173.0,202.0,212.0,229.0,246.0,257.0,272.0,282.0,286.0,294.0,287.0,282.0,281.0,276.0,277.0,282.0,292.0,286.0,287.0,285.0
168,195.0,172.0,161.0,161.0,168.0,178.0,188.0,197.0,203.0,206.0,214.0,227.0,234.0,228.0,220.0,218.0,217.0,214.0,199.0,166.0,144.0,129.0,117.0,108.0,110.0,124.0,131.0,136.0,133.0,128.0
169,135.0,133.0,134.0,134.0,131.0,129.0,130.0,129.0,126.0,126.0,129.0,138.0,150.0,153.0,154.0,158.0,159.0,164.0,163.0,162.0,163.0,160.0,156.0,157.0,160.0,166.0,177.0,179.0,177.0,172.0
170,141.0,133.0,128.0,128.0,129.0,124.0,107.0,96.0,89.0,90.0,95.0,96.0,93.0,90.0,86.0,85.0,84.0,82.0,84.0,85.0,88.0,93.0,98.0,102.0,110.0,114.0,113.0,111.0,111.0,108.0
171,210.0,207.0,207.0,208.0,215.0,234.0,234.0,231.0,226.0,233.0,241.0,241.0,234.0,213.0,182.0,166.0,166.0,167.0,162.0,148.0,135.0,122.0,109.0,96.0,88.0,82.0,76.0,72.0,71.0,76.0
172,141.0,154.0,169.0,175.0,173.0,175.0,178.0,179.0,181.0,186.0,190.0,192.0,190.0,186.0,184.0,179.0,172.0,163.0,162.0,163.0,159.0,151.0,147.0,142.0,139.0,138.0,134.0,134.0,135.0,133.0
173,115.0,115.0,113.0,114.0,114.0,114.0,109.0,105.0,104.0,109.0,125.0,151.0,162.0,175.0,181.0,180.0,182.0,186.0,196.0,211.0,215.0,214.0,204.0,198.0,197.0,196.0,191.0,181.0,182.0,181.0
174,106.0,115.0,125.0,132.0,138.0,132.0,124.0,112.0,90.0,84.0,82.0,86.0,96.0,104.0,107.0,109.0,107.0,105.0,108.0,123.0,134.0,133.0,129.0,131.0,129.0,124.0,120.0,120.0,126.0,136.0
175,147.0,141.0,140.0,137.0,131.0,124.0,119.0,118.0,123.0,131.0,144.0,154.0,159.0,157.0,155.0,149.0,144.0,144.0,138.0,122.0,108.0,97.0,87.0,79.0,77.0,77.0,78.0,75.0,77.0,75.0
176,163.0,163.0,165.0,164.0,155.0,147.0,143.0,139.0,142.0,150.0,169.0,174.0,177.0,172.0,166.0,168.0,179.0,183.0,186.0,190.0,186.0,185.0,186.0,186.0,187.0,191.0,199.0,196.0,194.0,193.0
177,212.0,228.0,235.0,244.0,254.0,261.0,270.0,278.0,281.0,275.0,266.0,256.0,240.0,225.0,214.0,203.0,195.0,190.0,187.0,181.0,175.0,173.0,169.0,158.0,157.0,162.0,169.0,175.0,178.0,177.0
178,208.0,218.0,230.0,239.0,247.0,257.0,268.0,270.0,278.0,281.0,277.0,270.0,263.0,261.0,258.0,249.0,245.0,238.0,230.0,221.0,218.0,208.0,192.0,182.0,179.0,176.0,171.0,165.0,159.0,155.0
179,127.0,128.0,130.0,131.0,130.0,128.0,123.0,118.0,119.0,124.0,138.0,154.0,164.0,172.0,175.0,179.0,168.0,157.0,139.0,138.0,144.0,147.0,152.0,156.0,166.0,166.0,162.0,157.0,153.0,149.0
180,134.0,152.0,165.0,179.0,180.0,190.0,210.0,226.0,241.0,246.0,254.0,254.0,248.0,240.0,230.0,219.0,214.0,211.0,211.0,212.0,208.0,202.0,199.0,204.0,212.0,224.0,233.0,237.0,241.0,245.0
181,130.0,130.0,130.0,132.0,134.0,135.0,135.0,131.0,128.0,127.0,131.0,146.0,174.0,188.0,193.0,202.0,208.0,217.0,237.0,252.0,266.0,280.0,290.0,299.0,305.0,305.0,300.0,300.0,312.0,338.0
182,179.0,176.0,176.0,177.0,178.0,180.0,187.0,189.0,188.0,188.0,185.0,175.0,160.0,150.0,145.0,137.0,126.0,117.0,112.0,106.0,99.0,91.0,84.0,75.0,66.0,59.0,55.0,52.0,51.0,52.0
183,121.0,122.0,121.0,119.0,119.0,118.0,119.0,119.0,123.0,135.0,149.0,160.0,169.0,182.0,196.0,210.0,225.0,228.0,244.0,252.0,265.0,275.0,276.0,285.0,286.0,292.0,295.0,290.0,296.0,294.0
184,107.0,99.0,96.0,96.0,95.0,102.0,108.0,113.0,129.0,143.0,158.0,168.0,176.0,183.0,191.0,194.0,191.0,183.0,179.0,181.0,188.0,194.0,200.0,204.0,209.0,214.0,217.0,217.0,212.0,206.0
185,144.0,143.0,143.0,146.0,151.0,153.0,151.0,149.0,149.0,153.0,166.0,176.0,178.0,172.0,166.0,168.0,172.0,178.0,186.0,193.0,193.0,189.0,187.0,185.0,182.0,181.0,183.0,178.0,175.0,170.0
186,118.0,117.0,115.0,114.0,116.0,116.0,115.0,114.0,114.0,116.0,120.0,129.0,141.0,157.0,167.0,178.0,185.0,198.0,208.0,217.0,230.0,234.0,238.0,233.0,232.0,233.0,232.0,232.0,222.0,222.0
190,127.0,130.0,141.0,151.0,161.0,172.0,186.0,191.0,201.0,206.0,211.0,207.0,201.0,196.0,193.0,191.0,187.0,190.0,190.0,191.0,193.0,191.0,185.0,180.0,185.0,187.0,189.0,188.0,187.0,186.0
191,170.0,172.0,170.0,167.0,163.0,166.0,161.0,158.0,161.0,162.0,163.0,169.0,180.0,196.0,210.0,232.0,267.0,279.0,297.0,309.0,318.0,327.0,319.0,298.0,289.0,268.0,270.0,271.0,275.0,272.0
192,265.0,260.0,253.0,246.0,246.0,251.0,249.0,242.0,236.0,216.0,197.0,191.0,176.0,196.0,201.0,199.0,204.0,203.0,208.0,214.0,221.0,221.0,226.0,228.0,232.0,236.0,238.0,234.0,238.0,238.0
193,156.0,153.0,145.0,144.0,151.0,157.0,162.0,166.0,169.0,174.0,187.0,191.0,188.0,179.0,166.0,147.0,132.0,117.0,104.0,92.0,81.0,72.0,64.0,54.0,44.0,42.0,40.0,40.0,40.0,40.0
194,40.0,40.0,40.0,40.0,40.0,40.0,40.0,63.0,103.0,124.0,141.0,160.0,173.0,187.0,201.0,212.0,220.0,229.0,235.0,240.0,244.0,245.0,238.0,238.0,244.0,246.0,248.0,253.0,253.0,251.0
197,78.0,68.0,61.0,63.0,59.0,54.0,52.0,52.0,58.0,73.0,81.0,84.0,90.0,107.0,127.0,166.0,191.0,204.0,215.0,227.0,236.0,243.0,253.0,267.0,271.0,276.0,280.0,271.0,263.0,254.0
198,188.0,193.0,195.0,195.0,197.0,196.0,200.0,201.0,203.0,209.0,218.0,226.0,234.0,241.0,241.0,239.0,237.0,234.0,233.0,231.0,228.0,226.0,224.0,222.0,221.0,221.0,219.0,215.0,217.0,220.0
199,133.0,129.0,122.0,122.0,130.0,136.0,134.0,132.0,130.0,128.0,127.0,135.0,153.0,166.0,173.0,171.0,176.0,182.0,190.0,203.0,203.0,212.0,221.0,232.0,258.0,263.0,258.0,259.0,262.0,258.0
200,211.0,204.0,185.0,178.0,173.0,166.0,165.0,160.0,158.0,161.0,162.0,167.0,182.0,216.0,237.0,242.0,237.0,227.0,216.0,200.0,183.0,165.0,151.0,134.0,121.0,111.0,99.0,84.0,73.0,67.0
201,92.0,93.0,95.0,100.0,114.0,165.0,185.0,210.0,244.0,252.0,246.0,234.0,230.0,219.0,213.0,202.0,184.0,171.0,166.0,164.0,163.0,163.0,159.0,154.0,153.0,152.0,150.0,148.0,147.0,148.0
202,120.0,139.0,160.0,179.0,210.0,257.0,259.0,246.0,253.0,244.0,241.0,261.0,257.0,270.0,281.0,276.0,268.0,255.0,243.0,235.0,222.0,211.0,195.0,156.0,139.0,144.0,143.0,144.0,145.0,149.0
204,48.0,52.0,62.0,63.0,70.0,89.0,91.0,92.0,96.0,103.0,114.0,131.0,143.0,156.0,140.0,132.0,132.0,137.0,143.0,161.0,171.0,177.0,173.0,163.0,153.0,137.0,127.0,112.0,107.0,106.0
206,132.0,139.0,143.0,151.0,172.0,197.0,206.0,215.0,220.0,222.0,218.0,239.0,248.0,262.0,274.0,267.0,257.0,241.0,236.0,228.0,222.0,210.0,183.0,166.0,154.0,145.0,138.0,135.0,141.0,148.0
208,148.0,149.0,150.0,149.0,146.0,145.0,145.0,144.0,143.0,145.0,154.0,169.0,181.0,190.0,200.0,211.0,224.0,237.0,248.0,257.0,267.0,277.0,288.0,295.0,305.0,310.0,317.0,312.0,311.0,305.0
209,131.0,124.0,119.0,111.0,105.0,110.0,119.0,130.0,146.0,157.0,168.0,170.0,169.0,167.0,163.0,158.0,149.0,139.0,136.0,139.0,147.0,151.0,154.0,154.0,152.0,147.0,136.0,128.0,126.0,129.0
210,243.0,248.0,253.0,262.0,271.0,275.0,272.0,262.0,252.0,242.0,233.0,224.0,208.0,192.0,172.0,153.0,144.0,138.0,132.0,127.0,122.0,119.0,117.0,117.0,120.0,120.0,118.0,115.0,111.0,104.0
211,123.0,124.0,125.0,131.0,136.0,138.0,141.0,149.0,164.0,172.0,176.0,175.0,170.0,166.0,164.0,164.0,164.0,162.0,157.0,148.0,147.0,142.0,140.0,137.0,131.0,130.0,128.0,127.0,125.0,122.0
212,110.0,112.0,112.0,113.0,113.0,117.0,128.0,147.0,173.0,186.0,203.0,219.0,235.0,250.0,262.0,273.0,282.0,294.0,297.0,296.0,294.0,294.0,289.0,272.0,254.0,250.0,241.0,233.0,224.0,216.0
213,139.0,147.0,156.0,164.0,173.0,183.0,197.0,209.0,216.0,225.0,235.0,244.0,246.0,250.0,241.0,231.0,219.0,210.0,205.0,197.0,191.0,188.0,185.0,185.0,187.0,187.0,185.0,183.0,180.0,180.0
214,225.0,233.0,243.0,247.0,253.0,262.0,277.0,289.0,304.0,317.0,326.0,326.0,328.0,320.0,315.0,309.0,302.0,294.0,283.0,259.0,244.0,241.0,235.0,230.0,230.0,223.0,217.0,214.0,215.0,218.0
215,142.0,141.0,143.0,148.0,150.0,149.0,154.0,173.0,189.0,196.0,203.0,214.0,225.0,224.0,227.0,217.0,207.0,190.0,181.0,174.0,167.0,160.0,154.0,147.0,142.0,137.0,133.0,130.0,124.0,120.0
216,209.0,193.0,199.0,202.0,194.0,186.0,166.0,144.0,133.0,124.0,129.0,134.0,138.0,142.0,140.0,135.0,134.0,131.0,129.0,129.0,129.0,132.0,136.0,141.0,146.0,151.0,152.0,153.0,154.0,156.0
218,103.0,103.0,102.0,102.0,100.0,99.0,100.0,99.0,99.0,103.0,121.0,148.0,161.0,177.0,196.0,209.0,216.0,228.0,233.0,237.0,235.0,232.0,229.0,225.0,222.0,220.0,214.0,208.0,199.0,182.0
219,67.0,58.0,57.0,54.0,56.0,64.0,78.0,100.0,115.0,130.0,136.0,137.0,146.0,160.0,161.0,167.0,171.0,170.0,169.0,165.0,160.0,153.0,149.0,147.0,147.0,145.0,144.0,143.0,142.0,141.0
220,165.0,149.0,138.0,138.0,130.0,120.0,113.0,107.0,105.0,110.0,118.0,120.0,122.0,122.0,123.0,134.0,148.0,155.0,161.0,167.0,171.0,170.0,168.0,170.0,170.0,172.0,176.0,179.0,181.0,185.0
225,125.0,132.0,131.0,125.0,125.0,121.0,122.0,118.0,114.0,115.0,115.0,111.0,104.0,93.0,91.0,91.0,92.0,90.0,107.0,122.0,122.0,113.0,120.0,125.0,137.0,147.0,161.0,168.0,178.0,178.0
227,109.0,106.0,98.0,105.0,103.0,103.0,105.0,103.0,100.0,98.0,100.0,112.0,149.0,155.0,169.0,192.0,211.0,204.0,215.0,240.0,242.0,256.0,250.0,232.0,227.0,228.0,242.0,248.0,237.0,242.0
230,97.0,103.0,109.0,117.0,127.0,134.0,139.0,145.0,149.0,151.0,156.0,161.0,170.0,179.0,186.0,194.0,198.0,202.0,205.0,207.0,210.0,214.0,214.0,214.0,213.0,209.0,205.0,203.0,203.0,206.0
231,162.0,158.0,153.0,148.0,143.0,139.0,136.0,133.0,130.0,130.0,133.0,136.0,137.0,141.0,146.0,152.0,155.0,158.0,159.0,160.0,159.0,157.0,154.0,150.0,145.0,139.0,139.0,140.0,139.0,140.0
233,149.0,144.0,139.0,135.0,134.0,145.0,150.0,151.0,154.0,157.0,161.0,163.0,163.0,159.0,148.0,128.0,121.0,111.0,102.0,94.0,86.0,76.0,69.0,65.0,63.0,64.0,67.0,70.0,72.0,76.0
234,116.0,117.0,123.0,135.0,143.0,151.0,156.0,156.0,158.0,159.0,158.0,160.0,163.0,167.0,173.0,177.0,178.0,176.0,172.0,168.0,163.0,159.0,156.0,153.0,152.0,151.0,148.0,145.0,142.0,140.0
235,185.0,199.0,215.0,229.0,247.0,265.0,284.0,305.0,323.0,338.0,356.0,368.0,379.0,387.0,390.0,393.0,393.0,392.0,394.0,382.0,376.0,372.0,366.0,364.0,366.0,368.0,367.0,367.0,366.0,363.0
236,273.0,273.0,272.0,268.0,256.0,245.0,234.0,225.0,211.0,176.0,168.0,171.0,183.0,186.0,185.0,183.0,180.0,170.0,162.0,156.0,147.0,140.0,132.0,126.0,120.0,116.0,113.0,111.0,109.0,107.0
237,111.0,109.0,107.0,103.0,97.0,92.0,91.0,91.0,93.0,91.0,89.0,86.0,86.0,90.0,96.0,100.0,100.0,97.0,94.0,91.0,90.0,89.0,90.0,90.0,92.0,96.0,105.0,115.0,125.0,130.0
238,354.0,359.0,362.0,358.0,359.0,363.0,361.0,349.0,339.0,335.0,337.0,331.0,316.0,305.0,291.0,274.0,247.0,228.0,221.0,213.0,206.0,200.0,198.0,186.0,167.0,163.0,164.0,174.0,181.0,177.0
239,171.0,170.0,171.0,176.0,193.0,204.0,212.0,220.0,227.0,219.0,212.0,209.0,209.0,215.0,221.0,223.0,221.0,217.0,210.0,202.0,193.0,185.0,177.0,168.0,159.0,151.0,148.0,141.0,135.0,132.0
240,137.0,135.0,133.0,132.0,135.0,142.0,154.0,165.0,181.0,191.0,204.0,219.0,224.0,236.0,240.0,245.0,251.0,253.0,263.0,270.0,280.0,279.0,270.0,267.0,270.0,268.0,259.0,255.0,245.0,234.0
241,126.0,118.0,103.0,105.0,111.0,105.0,98.0,90.0,86.0,92.0,97.0,110.0,127.0,121.0,121.0,117.0,114.0,116.0,118.0,121.0,123.0,128.0,131.0,130.0,128.0,127.0,127.0,128.0,131.0,137.0
242,181.0,176.0,176.0,176.0,174.0,172.0,170.0,165.0,160.0,158.0,154.0,147.0,141.0,136.0,129.0,123.0,118.0,114.0,107.0,95.0,86.0,79.0,74.0,72.0,72.0,74.0,78.0,77.0,72.0,65.0
243,166.0,178.0,187.0,195.0,200.0,204.0,199.0,197.0,200.0,209.0,220.0,224.0,219.0,209.0,199.0,189.0,181.0,174.0,166.0,157.0,149.0,143.0,136.0,136.0,134.0,136.0,134.0,133.0,128.0,121.0
244,128.0,121.0,119.0,113.0,116.0,120.0,121.0,119.0,109.0,118.0,155.0,158.0,164.0,168.0,186.0,194.0,217.0,229.0,211.0,201.0,208.0,219.0,231.0,236.0,246.0,263.0,276.0,285.0,292.0,308.0
246,242.0,249.0,254.0,258.0,265.0,273.0,278.0,284.0,286.0,285.0,283.0,278.0,271.0,264.0,255.0,245.0,228.0,214.0,202.0,188.0,170.0,158.0,148.0,138.0,127.0,116.0,105.0,96.0,87.0,79.0
249,84.0,85.0,85.0,86.0,106.0,114.0,113.0,118.0,132.0,146.0,155.0,151.0,155.0,148.0,145.0,153.0,153.0,144.0,138.0,139.0,136.0,133.0,132.0,127.0,127.0,128.0,127.0,128.0,139.0,137.0
250,150.0,136.0,135.0,134.0,136.0,134.0,136.0,137.0,131.0,131.0,127.0,120.0,123.0,131.0,145.0,160.0,169.0,178.0,185.0,188.0,188.0,196.0,187.0,180.0,185.0,199.0,220.0,221.0,227.0,231.0
251,40.0,40.0,47.0,51.0,59.0,79.0,77.0,81.0,94.0,99.0,109.0,121.0,127.0,142.0,150.0,143.0,138.0,134.0,135.0,138.0,155.0,175.0,192.0,211.0,226.0,239.0,208.0,213.0,215.0,213.0
252,95.0,102.0,106.0,110.0,117.0,117.0,112.0,115.0,128.0,139.0,142.0,134.0,144.0,149.0,147.0,146.0,143.0,134.0,123.0,106.0,114.0,119.0,115.0,108.0,101.0,87.0,70.0,54.0,48.0,46.0
253,107.0,99.0,101.0,97.0,85.0,96.0,98.0,105.0,110.0,108.0,93.0,83.0,85.0,92.0,92.0,87.0,83.0,83.0,82.0,84.0,86.0,97.0,97.0,88.0,87.0,94.0,93.0,94.0,92.0,92.0
257,164.0,162.0,157.0,153.0,149.0,145.0,144.0,144.0,141.0,133.0,130.0,129.0,127.0,128.0,129.0,132.0,138.0,158.0,172.0,185.0,195.0,201.0,211.0,227.0,239.0,254.0,271.0,281.0,285.0,293.0
258,47.0,56.0,81.0,100.0,110.0,118.0,130.0,146.0,162.0,176.0,193.0,212.0,216.0,218.0,228.0,233.0,234.0,230.0,223.0,213.0,202.0,192.0,185.0,177.0,174.0,180.0,186.0,183.0,176.0,171.0
259,276.0,289.0,288.0,290.0,284.0,274.0,272.0,268.0,260.0,242.0,226.0,220.0,209.0,198.0,184.0,167.0,146.0,129.0,125.0,128.0,132.0,132.0,130.0,124.0,123.0,122.0,122.0,124.0,127.0,134.0
261,201.0,210.0,222.0,241.0,250.0,267.0,285.0,290.0,294.0,298.0,304.0,311.0,307.0,304.0,299.0,294.0,284.0,272.0,262.0,252.0,243.0,235.0,227.0,221.0,214.0,207.0,209.0,205.0,202.0,199.0
262,149.0,139.0,133.0,135.0,139.0,148.0,160.0,166.0,174.0,186.0,201.0,208.0,208.0,202.0,189.0,175.0,161.0,151.0,141.0,135.0,129.0,126.0,128.0,132.0,136.0,135.0,129.0,120.0,114.0,114.0
263,99.0,104.0,112.0,118.0,124.0,128.0,122.0,123.0,133.0,150.0,161.0,173.0,192.0,204.0,217.0,216.0,211.0,206.0,197.0,191.0,190.0,186.0,177.0,170.0,163.0,157.0,156.0,152.0,147.0,143.0
264,116.0,115.0,113.0,113.0,111.0,106.0,100.0,101.0,100.0,104.0,111.0,116.0,126.0,138.0,148.0,150.0,157.0,170.0,180.0,192.0,198.0,208.0,221.0,220.0,221.0,215.0,207.0,199.0,191.0,182.0
265,54.0,72.0,91.0,116.0,145.0,169.0,184.0,190.0,200.0,210.0,217.0,223.0,221.0,215.0,214.0,216.0,218.0,221.0,219.0,207.0,202.0,200.0,195.0,190.0,187.0,184.0,182.0,186.0,191.0,193.0
266,77.0,77.0,82.0,102.0,121.0,133.0,142.0,155.0,170.0,174.0,187.0,187.0,177.0,165.0,143.0,128.0,127.0,124.0,124.0,126.0,128.0,129.0,130.0,129.0,130.0,130.0,130.0,131.0,132.0,133.0
267,111.0,110.0,111.0,114.0,117.0,124.0,141.0,160.0,165.0,175.0,188.0,205.0,215.0,218.0,208.0,203.0,211.0,209.0,203.0,197.0,191.0,195.0,203.0,205.0,199.0,195.0,196.0,195.0,193.0,190.0
269,210.0,221.0,242.0,243.0,251.0,258.0,255.0,255.0,253.0,248.0,236.0,218.0,203.0,186.0,171.0,158.0,152.0,142.0,133.0,126.0,121.0,116.0,111.0,107.0,103.0,99.0,96.0,94.0,88.0,82.0
270,116.0,120.0,126.0,142.0,150.0,161.0,187.0,224.0,241.0,242.0,234.0,231.0,225.0,207.0,186.0,173.0,157.0,143.0,130.0,118.0,110.0,100.0,90.0,82.0,75.0,68.0,61.0,55.0,48.0,47.0
271,142.0,147.0,146.0,145.0,143.0,140.0,138.0,138.0,136.0,137.0,132.0,129.0,121.0,113.0,125.0,135.0,135.0,120.0,116.0,107.0,101.0,97.0,93.0,85.0,88.0,86.0,71.0,67.0,69.0,68.0
272,92.0,94.0,92.0,102.0,107.0,105.0,110.0,118.0,131.0,131.0,129.0,130.0,132.0,133.0,134.0,138.0,139.0,139.0,141.0,155.0,159.0,156.0,152.0,149.0,146.0,144.0,139.0,128.0,119.0,119.0
276,131.0,136.0,133.0,132.0,125.0,120.0,112.0,109.0,112.0,117.0,118.0,118.0,121.0,133.0,147.0,157.0,166.0,159.0,155.0,157.0,159.0,165.0,169.0,168.0,177.0,194.0,211.0,224.0,221.0,216.0
278,120.0,121.0,127.0,138.0,152.0,168.0,159.0,155.0,162.0,174.0,183.0,197.0,193.0,178.0,169.0,156.0,145.0,138.0,129.0,117.0,107.0,98.0,92.0,84.0,73.0,70.0,65.0,62.0,62.0,61.0
283,86.0,88.0,89.0,88.0,88.0,89.0,90.0,91.0,90.0,89.0,87.0,85.0,83.0,82.0,82.0,85.0,89.0,96.0,103.0,109.0,108.0,111.0,115.0,119.0,122.0,126.0,129.0,132.0,132.0,130.0
284,128.0,128.0,127.0,127.0,126.0,125.0,126.0,128.0,135.0,146.0,156.0,163.0,167.0,170.0,173.0,178.0,186.0,192.0,192.0,193.0,195.0,201.0,209.0,213.0,215.0,218.0,222.0,224.0,228.0,234.0
285,176.0,172.0,170.0,168.0,169.0,171.0,175.0,179.0,178.0,174.0,166.0,150.0,136.0,133.0,128.0,127.0,129.0,130.0,132.0,134.0,135.0,135.0,135.0,134.0,135.0,136.0,138.0,140.0,142.0,142.0
286,109.0,107.0,104.0,100.0,96.0,91.0,89.0,89.0,90.0,92.0,96.0,104.0,112.0,118.0,124.0,129.0,134.0,138.0,142.0,146.0,150.0,155.0,161.0,166.0,168.0,170.0,172.0,177.0,182.0,187.0
287,186.0,179.0,172.0,166.0,159.0,153.0,149.0,144.0,143.0,148.0,152.0,154.0,154.0,152.0,147.0,143.0,141.0,140.0,142.0,145.0,150.0,153.0,155.0,157.0,160.0,166.0,173.0,169.0,163.0,155.0
288,85.0,78.0,73.0,68.0,65.0,61.0,59.0,57.0,57.0,61.0,63.0,65.0,70.0,77.0,82.0,90.0,96.0,98.0,102.0,105.0,108.0,110.0,108.0,110.0,113.0,113.0,115.0,119.0,121.0,127.0
289,225.0,226.0,234.0,243.0,251.0,258.0,261.0,262.0,262.0,260.0,259.0,259.0,258.0,256.0,256.0,258.0,260.0,261.0,262.0,261.0,261.0,262.0,263.0,266.0,266.0,263.0,258.0,252.0,252.0,257.0
290,258.0,252.0,252.0,257.0,259.0,260.0,257.0,251.0,244.0,240.0,237.0,236.0,234.0,233.0,230.0,224.0,221.0,219.0,216.0,209.0,198.0,185.0,174.0,164.0,155.0,147.0,137.0,128.0,122.0,117.0
291,118.0,117.0,116.0,117.0,120.0,125.0,132.0,139.0,144.0,147.0,154.0,166.0,171.0,176.0,181.0,186.0,196.0,205.0,211.0,220.0,231.0,233.0,244.0,250.0,258.0,260.0,266.0,269.0,273.0,276.0
292,113.0,109.0,104.0,101.0,102.0,101.0,99.0,97.0,98.0,104.0,114.0,120.0,123.0,123.0,119.0,115.0,115.0,117.0,120.0,125.0,130.0,134.0,136.0,140.0,145.0,149.0,153.0,155.0,160.0,168.0
293,274.0,275.0,273.0,272.0,268.0,263.0,256.0,247.0,245.0,241.0,237.0,238.0,234.0,230.0,222.0,218.0,215.0,210.0,202.0,194.0,191.0,186.0,189.0,191.0,187.0,180.0,171.0,166.0,159.0,156.0
294,79.0,79.0,81.0,86.0,93.0,100.0,99.0,98.0,98.0,100.0,105.0,114.0,125.0,135.0,145.0,152.0,157.0,162.0,163.0,162.0,162.0,162.0,160.0,159.0,157.0,151.0,146.0,144.0,139.0,136.0
295,80.0,81.0,85.0,91.0,96.0,102.0,105.0,108.0,114.0,123.0,137.0,144.0,151.0,158.0,157.0,155.0,148.0,143.0,138.0,134.0,131.0,129.0,128.0,124.0,120.0,115.0,111.0,108.0,108.0,109.0
296,185.0,200.0,209.0,222.0,235.0,246.0,257.0,270.0,277.0,286.0,289.0,298.0,305.0,308.0,302.0,297.0,293.0,287.0,267.0,267.0,261.0,256.0,247.0,242.0,234.0,229.0,224.0,219.0,212.0,204.0
297,156.0,151.0,153.0,161.0,162.0,165.0,166.0,164.0,166.0,172.0,176.0,189.0,201.0,216.0,229.0,229.0,231.0,226.0,220.0,220.0,225.0,226.0,232.0,232.0,232.0,231.0,229.0,230.0,224.0,202.0
298,40.0,40.0,40.0,46.0,62.0,77.0,90.0,86.0,94.0,111.0,129.0,134.0,148.0,160.0,165.0,171.0,164.0,165.0,162.0,148.0,137.0,122.0,125.0,124.0,112.0,104.0,96.0,79.0,80.0,81.0
299,96.0,97.0,94.0,96.0,94.0,92.0,95.0,107.0,143.0,145.0,157.0,167.0,172.0,175.0,174.0,176.0,183.0,185.0,179.0,171.0,160.0,152.0,148.0,143.0,134.0,122.0,117.0,106.0,95.0,85.0
302,101.0,103.0,103.0,101.0,106.0,107.0,107.0,108.0,107.0,107.0,108.0,115.0,116.0,119.0,134.0,143.0,146.0,139.0,142.0,154.0,148.0,146.0,158.0,159.0,149.0,150.0,155.0,160.0,156.0,150.0
303,81.0,82.0,85.0,82.0,80.0,79.0,77.0,86.0,103.0,113.0,106.0,101.0,97.0,91.0,90.0,86.0,87.0,92.0,93.0,96.0,102.0,101.0,97.0,81.0,79.0,84.0,89.0,88.0,85.0,80.0
304,63.0,68.0,70.0,81.0,80.0,76.0,77.0,86.0,96.0,98.0,92.0,83.0,74.0,69.0,67.0,62.0,64.0,66.0,68.0,69.0,68.0,67.0,69.0,69.0,65.0,61.0,60.0,61.0,61.0,61.0
305,179.0,181.0,168.0,126.0,123.0,111.0,94.0,80.0,80.0,84.0,86.0,90.0,95.0,95.0,86.0,78.0,79.0,94.0,105.0,128.0,137.0,136.0,136.0,135.0,134.0,135.0,136.0,135.0,136.0,136.0
309,262.0,269.0,268.0,272.0,269.0,262.0,262.0,261.0,249.0,225.0,209.0,193.0,180.0,172.0,174.0,167.0,155.0,141.0,133.0,135.0,127.0,116.0,103.0,88.0,78.0,75.0,70.0,71.0,70.0,75.0
310,123.0,124.0,124.0,123.0,119.0,114.0,110.0,110.0,114.0,121.0,144.0,164.0,179.0,193.0,205.0,218.0,229.0,239.0,247.0,255.0,262.0,260.0,263.0,262.0,256.0,255.0,257.0,255.0,238.0,206.0
311,150.0,147.0,140.0,128.0,112.0,101.0,89.0,79.0,70.0,65.0,71.0,81.0,94.0,113.0,126.0,133.0,140.0,139.0,139.0,133.0,127.0,120.0,120.0,120.0,118.0,115.0,110.0,111.0,111.0,110.0
312,85.0,77.0,70.0,65.0,60.0,56.0,54.0,55.0,56.0,52.0,53.0,52.0,48.0,52.0,51.0,47.0,50.0,53.0,58.0,62.0,65.0,67.0,69.0,71.0,79.0,79.0,77.0,78.0,84.0,87.0
315,40.0,40.0,44.0,49.0,58.0,63.0,61.0,70.0,70.0,69.0,73.0,72.0,76.0,83.0,85.0,89.0,93.0,101.0,108.0,115.0,119.0,118.0,116.0,120.0,121.0,125.0,129.0,128.0,124.0,125.0
316,107.0,102.0,100.0,99.0,101.0,110.0,143.0,150.0,160.0,162.0,156.0,144.0,137.0,138.0,138.0,134.0,127.0,121.0,122.0,120.0,117.0,115.0,112.0,112.0,108.0,108.0,103.0,92.0,85.0,80.0
317,126.0,134.0,146.0,163.0,170.0,178.0,185.0,168.0,158.0,160.0,166.0,176.0,168.0,163.0,162.0,160.0,154.0,145.0,139.0,131.0,123.0,115.0,107.0,104.0,105.0,103.0,109.0,115.0,118.0,119.0
318,158.0,170.0,181.0,169.0,163.0,166.0,167.0,164.0,185.0,195.0,194.0,191.0,185.0,175.0,156.0,154.0,150.0,151.0,142.0,141.0,139.0,143.0,146.0,161.0,167.0,171.0,179.0,194.0,210.0,227.0
319,81.0,79.0,79.0,81.0,82.0,81.0,79.0,75.0,71.0,69.0,69.0,69.0,70.0,85.0,93.0,95.0,94.0,100.0,102.0,104.0,108.0,111.0,111.0,109.0,110.0,111.0,113.0,115.0,114.0,111.0
320,207.0,216.0,227.0,241.0,256.0,266.0,267.0,268.0,258.0,250.0,246.0,243.0,242.0,237.0,221.0,209.0,199.0,191.0,183.0,174.0,168.0,162.0,159.0,156.0,152.0,147.0,140.0,135.0,130.0,130.0
322,98.0,105.0,112.0,122.0,133.0,144.0,153.0,158.0,163.0,165.0,161.0,159.0,156.0,154.0,153.0,151.0,150.0,158.0,177.0,189.0,186.0,175.0,154.0,137.0,125.0,116.0,108.0,103.0,96.0,94.0
323,121.0,130.0,138.0,146.0,155.0,157.0,160.0,163.0,181.0,193.0,202.0,212.0,218.0,226.0,235.0,235.0,242.0,246.0,247.0,250.0,251.0,258.0,267.0,262.0,259.0,256.0,255.0,257.0,259.0,264.0
325,133.0,134.0,135.0,136.0,136.0,137.0,138.0,138.0,140.0,140.0,140.0,148.0,162.0,179.0,193.0,202.0,210.0,220.0,227.0,232.0,238.0,246.0,252.0,256.0,259.0,258.0,255.0,255.0,252.0,251.0
326,191.0,184.0,176.0,164.0,155.0,145.0,138.0,128.0,118.0,113.0,107.0,104.0,105.0,105.0,102.0,99.0,98.0,96.0,95.0,96.0,97.0,101.0,105.0,108.0,110.0,113.0,114.0,113.0,113.0,111.0
327,204.0,210.0,229.0,241.0,252.0,263.0,274.0,281.0,284.0,288.0,291.0,294.0,296.0,291.0,284.0,271.0,258.0,248.0,236.0,225.0,214.0,205.0,198.0,192.0,185.0,173.0,160.0,149.0,140.0,132.0
328,205.0,214.0,225.0,244.0,250.0,257.0,264.0,272.0,277.0,283.0,290.0,286.0,280.0,272.0,257.0,242.0,229.0,218.0,207.0,200.0,190.0,179.0,170.0,161.0,150.0,141.0,132.0,124.0,116.0,108.0
329,69.0,73.0,80.0,101.0,107.0,105.0,113.0,117.0,120.0,123.0,130.0,136.0,137.0,138.0,140.0,148.0,156.0,165.0,158.0,152.0,148.0,143.0,140.0,137.0,132.0,123.0,115.0,110.0,103.0,98.0
330,233.0,236.0,242.0,253.0,261.0,267.0,277.0,275.0,276.0,276.0,283.0,286.0,286.0,288.0,286.0,283.0,276.0,264.0,253.0,244.0,233.0,221.0,208.0,197.0,189.0,188.0,186.0,190.0,193.0,194.0
331,177.0,189.0,199.0,211.0,229.0,255.0,268.0,266.0,273.0,267.0,259.0,248.0,236.0,222.0,202.0,187.0,171.0,170.0,157.0,147.0,145.0,137.0,139.0,137.0,131.0,126.0,129.0,126.0,119.0,116.0
332,84.0,83.0,84.0,84.0,84.0,83.0,81.0,80.0,84.0,91.0,93.0,87.0,84.0,84.0,96.0,119.0,135.0,143.0,159.0,188.0,190.0,178.0,171.0,168.0,173.0,178.0,185.0,200.0,195.0,195.0
333,108.0,108.0,112.0,120.0,132.0,145.0,157.0,167.0,176.0,178.0,184.0,191.0,203.0,210.0,215.0,221.0,220.0,216.0,213.0,211.0,213.0,213.0,213.0,212.0,210.0,207.0,207.0,210.0,213.0,215.0
334,84.0,82.0,81.0,82.0,90.0,113.0,115.0,118.0,118.0,117.0,116.0,115.0,121.0,138.0,136.0,141.0,146.0,160.0,191.0,198.0,199.0,196.0,192.0,185.0,163.0,161.0,169.0,172.0,170.0,166.0
335,122.0,116.0,109.0,99.0,102.0,102.0,101.0,101.0,102.0,106.0,111.0,121.0,129.0,127.0,129.0,126.0,122.0,120.0,125.0,127.0,127.0,125.0,115.0,103.0,93.0,82.0,76.0,69.0,64.0,57.0
336,55.0,76.0,86.0,101.0,100.0,99.0,98.0,98.0,99.0,99.0,97.0,95.0,96.0,95.0,87.0,75.0,68.0,75.0,78.0,85.0,92.0,101.0,107.0,114.0,120.0,113.0,109.0,106.0,106.0,110.0
337,100.0,100.0,102.0,104.0,107.0,108.0,111.0,114.0,117.0,114.0,113.0,118.0,124.0,122.0,124.0,127.0,133.0,142.0,158.0,169.0,176.0,175.0,168.0,162.0,158.0,160.0,164.0,173.0,183.0,198.0
338,155.0,156.0,163.0,162.0,159.0,158.0,161.0,162.0,169.0,185.0,183.0,182.0,180.0,178.0,181.0,175.0,167.0,163.0,165.0,161.0,159.0,158.0,156.0,154.0,149.0,147.0,147.0,151.0,151.0,150.0
339,40.0,40.0,42.0,50.0,62.0,74.0,76.0,79.0,85.0,86.0,85.0,81.0,76.0,67.0,59.0,49.0,41.0,40.0,40.0,40.0,40.0,40.0,40.0,40.0,42.0,46.0,54.0,78.0,91.0,93.0
340,148.0,140.0,115.0,102.0,97.0,97.0,93.0,96.0,100.0,100.0,102.0,111.0,130.0,132.0,137.0,130.0,128.0,130.0,126.0,124.0,121.0,114.0,111.0,111.0,106.0,103.0,104.0,104.0,104.0,100.0
341,145.0,142.0,138.0,144.0,145.0,145.0,142.0,130.0,106.0,95.0,103.0,115.0,119.0,135.0,144.0,172.0,177.0,187.0,200.0,206.0,221.0,219.0,222.0,239.0,240.0,239.0,242.0,249.0,249.0,252.0
343,118.0,112.0,107.0,106.0,108.0,113.0,125.0,128.0,136.0,147.0,165.0,164.0,165.0,154.0,146.0,144.0,146.0,159.0,170.0,181.0,183.0,180.0,175.0,169.0,161.0,154.0,150.0,142.0,139.0,143.0
350,128.0,131.0,129.0,126.0,125.0,131.0,138.0,142.0,150.0,168.0,182.0,194.0,207.0,217.0,219.0,223.0,220.0,215.0,212.0,207.0,201.0,202.0,199.0,189.0,181.0,174.0,166.0,162.0,164.0,171.0
351,115.0,114.0,111.0,107.0,102.0,93.0,81.0,84.0,92.0,110.0,135.0,139.0,149.0,160.0,170.0,170.0,177.0,184.0,196.0,202.0,201.0,196.0,193.0,192.0,195.0,199.0,200.0,195.0,178.0,173.0
352,155.0,152.0,150.0,152.0,156.0,157.0,162.0,176.0,187.0,195.0,201.0,193.0,183.0,172.0,158.0,150.0,148.0,143.0,140.0,139.0,138.0,134.0,128.0,123.0,119.0,117.0,116.0,115.0,115.0,110.0
354,219.0,228.0,236.0,243.0,248.0,256.0,254.0,249.0,240.0,234.0,230.0,227.0,223.0,217.0,211.0,205.0,200.0,196.0,192.0,190.0,186.0,181.0,176.0,170.0,164.0,159.0,154.0,150.0,147.0,145.0
355,85.0,89.0,96.0,103.0,111.0,116.0,119.0,123.0,131.0,142.0,157.0,174.0,179.0,188.0,198.0,210.0,215.0,226.0,242.0,252.0,258.0,259.0,249.0,243.0,247.0,248.0,250.0,250.0,246.0,244.0
356,113.0,114.0,116.0,114.0,107.0,107.0,110.0,113.0,117.0,123.0,133.0,144.0,147.0,146.0,136.0,133.0,134.0,132.0,139.0,140.0,143.0,150.0,165.0,178.0,197.0,210.0,224.0,238.0,245.0,239.0
357,289.0,274.0,264.0,259.0,261.0,260.0,249.0,237.0,233.0,233.0,244.0,252.0,254.0,254.0,251.0,247.0,240.0,232.0,224.0,215.0,208.0,199.0,191.0,183.0,176.0,171.0,167.0,164.0,162.0,161.0
360,129.0,140.0,141.0,130.0,130.0,131.0,147.0,146.0,140.0,136.0,139.0,140.0,144.0,146.0,136.0,137.0,136.0,133.0,138.0,136.0,127.0,124.0,126.0,125.0,122.0,120.0,120.0,121.0,120.0,123.0
364,162.0,156.0,143.0,126.0,118.0,114.0,110.0,120.0,133.0,142.0,150.0,160.0,166.0,169.0,170.0,170.0,163.0,152.0,142.0,135.0,131.0,130.0,127.0,121.0,113.0,111.0,112.0,110.0,101.0,94.0
369,182.0,182.0,184.0,184.0,184.0,184.0,183.0,185.0,187.0,191.0,198.0,204.0,213.0,223.0,234.0,247.0,242.0,241.0,243.0,246.0,249.0,248.0,244.0,240.0,241.0,248.0,253.0,263.0,284.0,287.0
370,338.0,337.0,335.0,330.0,320.0,308.0,296.0,283.0,265.0,263.0,255.0,251.0,246.0,232.0,230.0,220.0,207.0,202.0,193.0,183.0,172.0,160.0,147.0,133.0,123.0,114.0,108.0,103.0,99.0,99.0
371,149.0,148.0,148.0,147.0,147.0,152.0,164.0,165.0,171.0,178.0,184.0,190.0,192.0,192.0,190.0,191.0,194.0,200.0,204.0,200.0,194.0,190.0,185.0,186.0,189.0,196.0,216.0,223.0,222.0,217.0
372,216.0,218.0,220.0,224.0,224.0,225.0,229.0,236.0,241.0,246.0,247.0,246.0,243.0,237.0,232.0,223.0,216.0,211.0,210.0,212.0,212.0,209.0,206.0,207.0,205.0,197.0,195.0,193.0,192.0,191.0
373,154.0,154.0,154.0,155.0,154.0,152.0,151.0,149.0,148.0,147.0,145.0,139.0,127.0,119.0,114.0,112.0,113.0,117.0,120.0,123.0,122.0,120.0,123.0,136.0,151.0,155.0,159.0,160.0,159.0,159.0
374,170.0,166.0,159.0,145.0,134.0,128.0,126.0,130.0,137.0,143.0,151.0,164.0,175.0,194.0,208.0,213.0,221.0,219.0,215.0,214.0,212.0,212.0,208.0,200.0,191.0,181.0,170.0,164.0,156.0,150.0
375,101.0,100.0,97.0,96.0,98.0,102.0,105.0,109.0,110.0,111.0,110.0,110.0,116.0,132.0,145.0,152.0,157.0,160.0,161.0,161.0,156.0,150.0,145.0,140.0,140.0,141.0,142.0,140.0,136.0,131.0
376,122.0,128.0,136.0,143.0,151.0,157.0,166.0,177.0,192.0,198.0,202.0,205.0,198.0,192.0,190.0,193.0,197.0,199.0,202.0,204.0,205.0,208.0,210.0,211.0,211.0,211.0,211.0,214.0,214.0,212.0
377,180.0,183.0,184.0,181.0,173.0,161.0,153.0,148.0,149.0,149.0,144.0,140.0,140.0,144.0,148.0,155.0,165.0,176.0,183.0,190.0,194.0,200.0,204.0,190.0,184.0,176.0,170.0,164.0,160.0,154.0
378,168.0,191.0,217.0,234.0,250.0,262.0,270.0,277.0,281.0,282.0,280.0,274.0,268.0,262.0,255.0,249.0,243.0,237.0,232.0,227.0,223.0,218.0,212.0,205.0,196.0,182.0,174.0,166.0,158.0,152.0
379,129.0,133.0,134.0,134.0,134.0,136.0,142.0,154.0,167.0,178.0,190.0,198.0,207.0,215.0,222.0,229.0,233.0,232.0,231.0,233.0,238.0,237.0,233.0,225.0,214.0,200.0,190.0,186.0,180.0,177.0
380,114.0,114.0,113.0,113.0,127.0,134.0,139.0,147.0,157.0,164.0,170.0,172.0,168.0,169.0,176.0,186.0,191.0,190.0,183.0,176.0,170.0,167.0,167.0,166.0,160.0,151.0,145.0,137.0,131.0,125.0
381,111.0,112.0,112.0,112.0,111.0,112.0,117.0,133.0,157.0,172.0,184.0,194.0,203.0,209.0,215.0,220.0,221.0,217.0,215.0,212.0,208.0,206.0,203.0,200.0,198.0,195.0,193.0,191.0,187.0,187.0
382,92.0,93.0,89.0,87.0,84.0,81.0,81.0,79.0,77.0,79.0,82.0,89.0,96.0,100.0,104.0,106.0,108.0,111.0,115.0,115.0,120.0,127.0,130.0,132.0,128.0,124.0,124.0,122.0,120.0,118.0
383,86.0,88.0,95.0,113.0,128.0,154.0,171.0,178.0,181.0,184.0,178.0,179.0,178.0,176.0,173.0,169.0,171.0,171.0,169.0,168.0,164.0,163.0,165.0,161.0,160.0,158.0,157.0,157.0,157.0,157.0
384,164.0,167.0,170.0,172.0,175.0,176.0,176.0,178.0,184.0,197.0,210.0,215.0,217.0,220.0,224.0,231.0,236.0,233.0,229.0,227.0,226.0,225.0,224.0,221.0,217.0,213.0,210.0,210.0,212.0,213.0
385,130.0,129.0,128.0,131.0,133.0,132.0,129.0,128.0,129.0,133.0,150.0,179.0,195.0,197.0,206.0,212.0,222.0,229.0,240.0,248.0,258.0,265.0,271.0,271.0,273.0,274.0,276.0,282.0,283.0,278.0
386,111.0,109.0,112.0,110.0,97.0,90.0,99.0,104.0,107.0,116.0,133.0,146.0,162.0,169.0,170.0,164.0,153.0,135.0,122.0,115.0,108.0,101.0,96.0,92.0,84.0,76.0,74.0,72.0,71.0,66.0
388,123.0,117.0,110.0,107.0,109.0,119.0,146.0,151.0,157.0,181.0,173.0,167.0,170.0,173.0,174.0,171.0,167.0,165.0,167.0,167.0,165.0,157.0,149.0,145.0,138.0,124.0,139.0,139.0,139.0,134.0
396,133.0,130.0,129.0,129.0,129.0,128.0,131.0,140.0,144.0,146.0,149.0,145.0,139.0,128.0,120.0,117.0,113.0,109.0,106.0,105.0,106.0,108.0,110.0,113.0,117.0,120.0,123.0,127.0,129.0,132.0
397,186.0,188.0,189.0,191.0,195.0,198.0,207.0,210.0,209.0,212.0,212.0,211.0,207.0,204.0,201.0,198.0,193.0,188.0,185.0,189.0,194.0,198.0,200.0,206.0,207.0,205.0,205.0,201.0,196.0,193.0
398,164.0,162.0,160.0,156.0,154.0,152.0,153.0,157.0,164.0,176.0,184.0,187.0,185.0,178.0,171.0,161.0,151.0,146.0,141.0,138.0,136.0,134.0,131.0,126.0,123.0,119.0,118.0,118.0,116.0,114.0
399,118.0,118.0,116.0,114.0,111.0,108.0,105.0,104.0,105.0,107.0,110.0,112.0,112.0,113.0,111.0,111.0,112.0,117.0,126.0,127.0,126.0,125.0,123.0,128.0,137.0,149.0,160.0,167.0,167.0,170.0
400,142.0,142.0,138.0,131.0,128.0,129.0,133.0,137.0,138.0,136.0,133.0,126.0,115.0,106.0,104.0,100.0,100.0,99.0,99.0,100.0,100.0,100.0,101.0,102.0,104.0,106.0,109.0,111.0,112.0,112.0
401,100.0,98.0,99.0,102.0,104.0,104.0,103.0,104.0,111.0,129.0,151.0,171.0,185.0,192.0,195.0,202.0,205.0,207.0,210.0,215.0,224.0,226.0,229.0,233.0,235.0,239.0,247.0,246.0,243.0,239.0
402,75.0,69.0,62.0,53.0,50.0,45.0,40.0,40.0,45.0,54.0,79.0,92.0,102.0,114.0,130.0,141.0,154.0,165.0,173.0,180.0,182.0,180.0,172.0,164.0,152.0,143.0,137.0,131.0,128.0,125.0
403,130.0,122.0,112.0,103.0,99.0,97.0,99.0,105.0,113.0,131.0,142.0,153.0,168.0,179.0,188.0,194.0,199.0,199.0,196.0,191.0,187.0,179.0,178.0,179.0,180.0,179.0,177.0,173.0,172.0,173.0
404,96.0,98.0,97.0,93.0,96.0,103.0,115.0,131.0,165.0,191.0,203.0,202.0,199.0,197.0,199.0,201.0,206.0,208.0,214.0,217.0,220.0,218.0,214.0,203.0,192.0,188.0,182.0,173.0,167.0,160.0
405,168.0,169.0,170.0,173.0,173.0,175.0,172.0,161.0,157.0,155.0,156.0,160.0,164.0,165.0,166.0,166.0,167.0,171.0,179.0,186.0,189.0,184.0,176.0,161.0,147.0,141.0,135.0,129.0,126.0,124.0
406,176.0,177.0,169.0,161.0,162.0,165.0,163.0,154.0,148.0,144.0,145.0,151.0,154.0,149.0,145.0,140.0,133.0,116.0,105.0,108.0,116.0,114.0,115.0,120.0,115.0,106.0,102.0,93.0,92.0,93.0
407,107.0,118.0,132.0,152.0,151.0,162.0,173.0,175.0,177.0,171.0,156.0,161.0,187.0,192.0,197.0,203.0,206.0,207.0,209.0,208.0,205.0,199.0,201.0,204.0,205.0,204.0,202.0,200.0,199.0,199.0
408,65.0,63.0,64.0,69.0,83.0,100.0,109.0,119.0,129.0,152.0,162.0,163.0,170.0,176.0,177.0,178.0,177.0,173.0,168.0,161.0,156.0,157.0,157.0,152.0,147.0,136.0,132.0,136.0,140.0,144.0
409,106.0,104.0,101.0,96.0,92.0,89.0,88.0,94.0,112.0,132.0,144.0,153.0,157.0,161.0,164.0,166.0,165.0,160.0,151.0,138.0,130.0,130.0,136.0,143.0,146.0,146.0,146.0,146.0,145.0,143.0
410,127.0,122.0,117.0,116.0,117.0,126.0,146.0,160.0,180.0,174.0,182.0,185.0,184.0,188.0,196.0,196.0,193.0,193.0,189.0,181.0,182.0,180.0,178.0,174.0,160.0,134.0,138.0,144.0,149.0,148.0
413,144.0,141.0,148.0,148.0,145.0,147.0,158.0,164.0,166.0,161.0,158.0,153.0,142.0,143.0,144.0,143.0,143.0,139.0,136.0,129.0,125.0,124.0,128.0,129.0,121.0,117.0,116.0,116.0,117.0,119.0
414,155.0,157.0,155.0,148.0,146.0,149.0,150.0,145.0,142.0,140.0,140.0,143.0,156.0,163.0,174.0,185.0,189.0,191.0,199.0,208.0,223.0,252.0,272.0,292.0,304.0,319.0,321.0,319.0,318.0,312.0
415,153.0,142.0,111.0,98.0,92.0,78.0,91.0,125.0,128.0,124.0,118.0,116.0,110.0,102.0,96.0,91.0,84.0,80.0,81.0,80.0,82.0,82.0,83.0,86.0,95.0,94.0,92.0,92.0,91.0,91.0
416,120.0,125.0,128.0,130.0,130.0,128.0,126.0,123.0,120.0,118.0,118.0,117.0,108.0,107.0,109.0,121.0,160.0,179.0,193.0,206.0,211.0,219.0,229.0,235.0,242.0,239.0,241.0,242.0,248.0,257.0
417,125.0,123.0,119.0,108.0,123.0,174.0,183.0,182.0,178.0,173.0,159.0,163.0,166.0,171.0,175.0,173.0,175.0,174.0,179.0,181.0,187.0,186.0,189.0,198.0,210.0,198.0,184.0,194.0,199.0,200.0
422,116.0,115.0,114.0,113.0,108.0,102.0,100.0,101.0,119.0,124.0,129.0,123.0,113.0,113.0,114.0,121.0,141.0,159.0,144.0,132.0,127.0,124.0,126.0,131.0,139.0,141.0,134.0,137.0,142.0,143.0
424,108.0,108.0,110.0,111.0,111.0,107.0,104.0,103.0,104.0,109.0,121.0,133.0,143.0,160.0,167.0,175.0,180.0,189.0,194.0,195.0,200.0,212.0,226.0,234.0,239.0,240.0,241.0,239.0,232.0,227.0
426,122.0,121.0,123.0,125.0,129.0,133.0,142.0,158.0,174.0,181.0,186.0,188.0,194.0,199.0,202.0,203.0,201.0,199.0,198.0,198.0,198.0,197.0,197.0,197.0,196.0,195.0,197.0,199.0,201.0,203.0
427,91.0,104.0,116.0,130.0,142.0,154.0,158.0,179.0,184.0,187.0,186.0,182.0,177.0,166.0,153.0,145.0,139.0,132.0,128.0,134.0,133.0,122.0,112.0,107.0,107.0,111.0,115.0,119.0,120.0,118.0
428,85.0,89.0,92.0,98.0,113.0,118.0,126.0,133.0,143.0,153.0,154.0,158.0,154.0,149.0,152.0,151.0,152.0,156.0,156.0,154.0,152.0,152.0,153.0,155.0,159.0,161.0,162.0,163.0,161.0,161.0
429,210.0,218.0,230.0,238.0,247.0,261.0,267.0,262.0,256.0,250.0,249.0,249.0,249.0,252.0,253.0,255.0,251.0,232.0,218.0,205.0,191.0,193.0,189.0,182.0,174.0,166.0,160.0,153.0,148.0,142.0
430,142.0,134.0,131.0,125.0,121.0,117.0,112.0,111.0,116.0,123.0,137.0,150.0,161.0,169.0,163.0,158.0,154.0,148.0,149.0,145.0,143.0,146.0,150.0,150.0,144.0,125.0,106.0,95.0,85.0,81.0
431,51.0,54.0,57.0,59.0,61.0,67.0,87.0,93.0,104.0,116.0,127.0,135.0,141.0,147.0,150.0,149.0,146.0,146.0,152.0,157.0,159.0,154.0,147.0,142.0,141.0,144.0,150.0,156.0,162.0,166.0
432,131.0,135.0,136.0,134.0,133.0,126.0,125.0,125.0,127.0,129.0,132.0,143.0,152.0,157.0,160.0,161.0,159.0,160.0,157.0,148.0,141.0,135.0,130.0,130.0,128.0,122.0,117.0,114.0,111.0,115.0
433,90.0,87.0,89.0,91.0,94.0,95.0,100.0,116.0,112.0,108.0,108.0,112.0,114.0,120.0,122.0,133.0,139.0,145.0,150.0,158.0,167.0,177.0,188.0,195.0,201.0,205.0,205.0,207.0,210.0,213.0
434,101.0,106.0,107.0,104.0,106.0,122.0,146.0,159.0,167.0,169.0,180.0,205.0,205.0,211.0,221.0,215.0,211.0,204.0,181.0,193.0,204.0,226.0,223.0,215.0,211.0,202.0,182.0,162.0,152.0,139.0
436,129.0,133.0,139.0,150.0,147.0,142.0,146.0,151.0,146.0,139.0,132.0,128.0,140.0,170.0,169.0,174.0,184.0,195.0,203.0,211.0,225.0,250.0,258.0,268.0,276.0,273.0,267.0,265.0,257.0,244.0
439,101.0,101.0,93.0,88.0,83.0,73.0,88.0,96.0,104.0,110.0,115.0,114.0,115.0,117.0,119.0,128.0,131.0,135.0,136.0,132.0,126.0,126.0,127.0,126.0,128.0,138.0,175.0,178.0,167.0,155.0
440,130.0,141.0,153.0,166.0,181.0,204.0,201.0,201.0,211.0,214.0,215.0,214.0,222.0,227.0,232.0,232.0,234.0,241.0,240.0,253.0,266.0,267.0,266.0,263.0,258.0,252.0,235.0,220.0,208.0,191.0
441,231.0,240.0,252.0,260.0,268.0,262.0,252.0,248.0,251.0,256.0,265.0,272.0,271.0,259.0,260.0,256.0,247.0,243.0,239.0,235.0,229.0,225.0,221.0,219.0,212.0,205.0,192.0,182.0,189.0,191.0
442,164.0,170.0,168.0,157.0,149.0,144.0,143.0,151.0,151.0,153.0,164.0,175.0,171.0,168.0,163.0,161.0,160.0,172.0,178.0,173.0,167.0,162.0,157.0,151.0,147.0,142.0,133.0,128.0,127.0,128.0
443,133.0,128.0,122.0,121.0,120.0,121.0,121.0,118.0,113.0,106.0,119.0,155.0,184.0,195.0,199.0,199.0,193.0,191.0,193.0,197.0,198.0,198.0,189.0,177.0,157.0,133.0,135.0,131.0,116.0,122.0
444,351.0,344.0,340.0,342.0,342.0,341.0,345.0,361.0,355.0,344.0,310.0,290.0,275.0,260.0,248.0,231.0,210.0,193.0,175.0,159.0,148.0,134.0,120.0,106.0,90.0,78.0,65.0,52.0,40.0,40.0
445,105.0,115.0,112.0,137.0,153.0,172.0,186.0,196.0,208.0,200.0,186.0,176.0,163.0,156.0,149.0,142.0,134.0,128.0,124.0,120.0,117.0,115.0,112.0,110.0,115.0,122.0,123.0,121.0,116.0,116.0
446,140.0,135.0,130.0,124.0,118.0,112.0,115.0,120.0,128.0,141.0,154.0,156.0,153.0,146.0,145.0,149.0,159.0,170.0,167.0,168.0,174.0,177.0,179.0,174.0,168.0,156.0,147.0,142.0,138.0,136.0
447,233.0,234.0,234.0,231.0,229.0,230.0,238.0,263.0,290.0,301.0,310.0,313.0,316.0,317.0,313.0,310.0,305.0,301.0,290.0,289.0,286.0,274.0,268.0,265.0,261.0,254.0,243.0,230.0,218.0,214.0
448,193.0,198.0,197.0,201.0,204.0,211.0,221.0,223.0,227.0,232.0,242.0,254.0,260.0,265.0,268.0,262.0,255.0,243.0,225.0,212.0,205.0,196.0,186.0,180.0,170.0,160.0,156.0,150.0,144.0,136.0
449,104.0,101.0,97.0,94.0,96.0,98.0,99.0,98.0,98.0,102.0,106.0,115.0,127.0,126.0,127.0,128.0,125.0,128.0,137.0,139.0,138.0,131.0,122.0,111.0,106.0,106.0,107.0,107.0,107.0,105.0
450,118.0,118.0,119.0,118.0,116.0,114.0,116.0,122.0,142.0,149.0,153.0,158.0,162.0,166.0,170.0,171.0,169.0,171.0,174.0,177.0,181.0,187.0,197.0,206.0,212.0,217.0,224.0,232.0,240.0,250.0
451,159.0,148.0,140.0,133.0,124.0,113.0,101.0,89.0,81.0,78.0,76.0,79.0,83.0,87.0,91.0,99.0,105.0,104.0,104.0,103.0,108.0,120.0,122.0,127.0,132.0,140.0,149.0,149.0,155.0,163.0
452,143.0,147.0,148.0,145.0,144.0,146.0,147.0,149.0,149.0,149.0,150.0,149.0,146.0,143.0,137.0,130.0,122.0,118.0,116.0,117.0,116.0,114.0,111.0,109.0,108.0,107.0,106.0,106.0,107.0,108.0
453,209.0,202.0,196.0,196.0,200.0,199.0,196.0,196.0,194.0,196.0,202.0,212.0,225.0,236.0,243.0,248.0,250.0,245.0,244.0,246.0,249.0,248.0,241.0,236.0,227.0,226.0,229.0,227.0,218.0,205.0
454,154.0,145.0,131.0,119.0,113.0,107.0,101.0,93.0,89.0,77.0,79.0,76.0,79.0,82.0,82.0,85.0,86.0,91.0,96.0,104.0,117.0,120.0,117.0,113.0,106.0,99.0,98.0,97.0,96.0,92.0
456,239.0,246.0,245.0,254.0,254.0,258.0,262.0,263.0,264.0,260.0,262.0,261.0,260.0,255.0,252.0,246.0,244.0,242.0,235.0,228.0,219.0,206.0,198.0,193.0,183.0,190.0,187.0,178.0,151.0,140.0
461,123.0,127.0,134.0,147.0,159.0,168.0,171.0,173.0,172.0,177.0,185.0,191.0,189.0,180.0,170.0,153.0,146.0,137.0,127.0,117.0,107.0,105.0,97.0,89.0,79.0,81.0,78.0,81.0,87.0,88.0
462,115.0,114.0,117.0,121.0,128.0,137.0,151.0,156.0,161.0,163.0,166.0,171.0,171.0,170.0,167.0,164.0,157.0,143.0,137.0,134.0,134.0,134.0,137.0,137.0,133.0,126.0,116.0,106.0,109.0,110.0
463,113.0,113.0,114.0,112.0,109.0,108.0,110.0,117.0,151.0,161.0,174.0,184.0,194.0,204.0,206.0,203.0,203.0,203.0,207.0,217.0,228.0,237.0,236.0,233.0,224.0,217.0,212.0,208.0,208.0,207.0
464,205.0,215.0,232.0,252.0,276.0,287.0,290.0,296.0,303.0,295.0,287.0,273.0,257.0,251.0,243.0,236.0,226.0,222.0,219.0,215.0,206.0,197.0,187.0,177.0,166.0,165.0,157.0,150.0,145.0,137.0
465,170.0,192.0,209.0,229.0,251.0,279.0,283.0,295.0,309.0,307.0,306.0,317.0,323.0,327.0,335.0,342.0,349.0,358.0,362.0,365.0,369.0,376.0,371.0,372.0,371.0,363.0,369.0,360.0,351.0,357.0
466,363.0,369.0,360.0,351.0,357.0,358.0,350.0,343.0,332.0,323.0,314.0,302.0,275.0,271.0,261.0,254.0,245.0,233.0,243.0,258.0,259.0,242.0,231.0,216.0,206.0,199.0,192.0,178.0,167.0,156.0
467,113.0,112.0,113.0,116.0,121.0,130.0,142.0,153.0,172.0,192.0,202.0,218.0,228.0,239.0,244.0,246.0,242.0,235.0,228.0,218.0,208.0,198.0,186.0,175.0,164.0,154.0,142.0,131.0,121.0,118.0
468,84.0,109.0,126.0,153.0,174.0,189.0,209.0,211.0,215.0,221.0,233.0,240.0,245.0,244.0,236.0,233.0,229.0,217.0,204.0,199.0,195.0,200.0,201.0,194.0,183.0,174.0,173.0,177.0,181.0,177.0
469,95.0,93.0,91.0,91.0,88.0,85.0,86.0,84.0,84.0,87.0,96.0,117.0,139.0,155.0,156.0,167.0,176.0,171.0,171.0,170.0,171.0,174.0,176.0,180.0,184.0,187.0,188.0,187.0,186.0,186.0
470,115.0,114.0,112.0,110.0,109.0,106.0,106.0,107.0,106.0,109.0,120.0,142.0,158.0,163.0,162.0,156.0,148.0,141.0,133.0,127.0,125.0,121.0,119.0,116.0,110.0,108.0,106.0,103.0,99.0,99.0
471,194.0,213.0,232.0,249.0,262.0,279.0,278.0,285.0,281.0,271.0,265.0,264.0,265.0,262.0,255.0,245.0,236.0,230.0,224.0,216.0,207.0,201.0,195.0,192.0,193.0,189.0,184.0,177.0,177.0,183.0
472,188.0,179.0,170.0,164.0,164.0,162.0,159.0,154.0,150.0,155.0,160.0,167.0,180.0,189.0,189.0,186.0,177.0,169.0,155.0,142.0,138.0,135.0,140.0,148.0,153.0,153.0,148.0,132.0,118.0,110.0
473,308.0,296.0,285.0,270.0,280.0,289.0,290.0,280.0,264.0,251.0,238.0,224.0,220.0,208.0,202.0,200.0,194.0,184.0,174.0,164.0,148.0,102.0,88.0,78.0,65.0,69.0,64.0,64.0,81.0,84.0
475,102.0,105.0,104.0,103.0,100.0,93.0,80.0,69.0,63.0,68.0,73.0,77.0,78.0,74.0,73.0,77.0,85.0,90.0,95.0,98.0,100.0,98.0,96.0,96.0,98.0,99.0,96.0,92.0,92.0,94.0
481,239.0,244.0,242.0,247.0,254.0,262.0,264.0,259.0,254.0,250.0,250.0,254.0,257.0,256.0,253.0,246.0,235.0,225.0,215.0,205.0,195.0,184.0,173.0,161.0,148.0,135.0,126.0,113.0,97.0,86.0
482,187.0,183.0,179.0,178.0,176.0,169.0,158.0,156.0,148.0,142.0,142.0,145.0,152.0,156.0,155.0,157.0,156.0,151.0,135.0,124.0,120.0,125.0,127.0,128.0,130.0,129.0,130.0,132.0,134.0,137.0
483,232.0,236.0,243.0,250.0,255.0,260.0,259.0,257.0,262.0,263.0,264.0,261.0,258.0,255.0,249.0,238.0,229.0,224.0,219.0,217.0,215.0,210.0,206.0,201.0,193.0,184.0,177.0,172.0,169.0,169.0
485,102.0,100.0,96.0,95.0,97.0,100.0,101.0,103.0,113.0,134.0,156.0,173.0,185.0,201.0,212.0,217.0,227.0,239.0,247.0,250.0,253.0,257.0,261.0,270.0,277.0,281.0,277.0,276.0,278.0,274.0
486,274.0,272.0,270.0,265.0,260.0,259.0,264.0,267.0,266.0,265.0,264.0,262.0,261.0,259.0,262.0,268.0,270.0,268.0,265.0,256.0,256.0,252.0,242.0,236.0,227.0,212.0,205.0,200.0,192.0,198.0
487,227.0,212.0,205.0,200.0,192.0,198.0,206.0,224.0,226.0,225.0,219.0,215.0,220.0,239.0,238.0,235.0,232.0,224.0,214.0,203.0,200.0,195.0,195.0,200.0,202.0,202.0,196.0,182.0,180.0,184.0
488,187.0,202.0,213.0,228.0,247.0,256.0,257.0,265.0,272.0,281.0,288.0,293.0,285.0,281.0,276.0,274.0,272.0,268.0,268.0,263.0,246.0,246.0,240.0,237.0,227.0,224.0,217.0,208.0,214.0,214.0
489,176.0,172.0,161.0,160.0,154.0,142.0,147.0,149.0,140.0,151.0,159.0,167.0,180.0,192.0,198.0,200.0,205.0,208.0,208.0,215.0,224.0,222.0,223.0,223.0,223.0,225.0,228.0,234.0,239.0,239.0
490,69.0,68.0,67.0,69.0,75.0,87.0,99.0,100.0,107.0,129.0,133.0,146.0,151.0,151.0,155.0,155.0,156.0,155.0,153.0,152.0,155.0,158.0,165.0,181.0,179.0,182.0,179.0,177.0,174.0,171.0
491,233.0,241.0,233.0,245.0,258.0,256.0,264.0,274.0,283.0,290.0,296.0,302.0,310.0,319.0,319.0,303.0,302.0,301.0,316.0,322.0,328.0,320.0,316.0,321.0,316.0,314.0,312.0,302.0,297.0,293.0
493,105.0,99.0,97.0,89.0,83.0,84.0,91.0,100.0,105.0,113.0,125.0,150.0,163.0,163.0,167.0,165.0,159.0,156.0,153.0,150.0,146.0,142.0,134.0,130.0,121.0,117.0,111.0,117.0,117.0,118.0
494,58.0,57.0,64.0,74.0,78.0,90.0,102.0,151.0,188.0,227.0,235.0,259.0,277.0,260.0,246.0,237.0,234.0,234.0,233.0,239.0,250.0,249.0,245.0,239.0,240.0,244.0,244.0,241.0,235.0,224.0
495,113.0,113.0,115.0,134.0,142.0,143.0,150.0,168.0,173.0,187.0,198.0,326.0,326.0,331.0,333.0,332.0,320.0,308.0,290.0,275.0,271.0,257.0,231.0,212.0,194.0,176.0,164.0,158.0,147.0,135.0
496,182.0,181.0,179.0,178.0,179.0,180.0,205.0,216.0,213.0,209.0,204.0,198.0,191.0,184.0,181.0,175.0,168.0,161.0,152.0,148.0,140.0,134.0,128.0,124.0,122.0,121.0,118.0,113.0,111.0,108.0
497,106.0,104.0,105.0,106.0,105.0,106.0,110.0,123.0,150.0,156.0,171.0,184.0,193.0,202.0,208.0,201.0,193.0,185.0,172.0,163.0,159.0,154.0,155.0,154.0,151.0,147.0,141.0,137.0,132.0,125.0
498,218.0,211.0,205.0,205.0,207.0,208.0,210.0,217.0,226.0,234.0,237.0,231.0,232.0,234.0,238.0,247.0,260.0,269.0,271.0,263.0,255.0,244.0,219.0,211.0,203.0,195.0,190.0,189.0,191.0,189.0
499,244.0,246.0,248.0,253.0,257.0,258.0,262.0,266.0,265.0,261.0,255.0,245.0,232.0,223.0,214.0,205.0,198.0,195.0,191.0,190.0,184.0,165.0,154.0,146.0,140.0,140.0,150.0,161.0,177.0,177.0
500,63.0,64.0,65.0,69.0,83.0,102.0,126.0,147.0,166.0,185.0,189.0,194.0,195.0,182.0,163.0,137.0,116.0,104.0,92.0,86.0,77.0,69.0,65.0,61.0,56.0,49.0,45.0,42.0,40.0,40.0
501,115.0,111.0,104.0,99.0,98.0,97.0,100.0,104.0,113.0,129.0,141.0,148.0,150.0,154.0,160.0,157.0,159.0,160.0,162.0,161.0,161.0,157.0,151.0,139.0,124.0,120.0,113.0,110.0,109.0,108.0
502,91.0,94.0,108.0,126.0,151.0,156.0,168.0,178.0,188.0,197.0,205.0,203.0,204.0,194.0,179.0,174.0,168.0,165.0,165.0,164.0,162.0,160.0,159.0,157.0,155.0,154.0,152.0,151.0,149.0,149.0
503,131.0,134.0,144.0,154.0,162.0,170.0,181.0,182.0,191.0,200.0,207.0,216.0,234.0,232.0,233.0,235.0,232.0,229.0,222.0,205.0,201.0,190.0,176.0,167.0,159.0,154.0,146.0,142.0,139.0,139.0
504,132.0,140.0,153.0,162.0,173.0,187.0,215.0,234.0,251.0,257.0,271.0,280.0,281.0,280.0,276.0,272.0,264.0,255.0,245.0,228.0,227.0,219.0,214.0,215.0,214.0,215.0,219.0,226.0,232.0,235.0
505,130.0,127.0,122.0,120.0,124.0,140.0,152.0,166.0,194.0,214.0,231.0,245.0,263.0,269.0,278.0,287.0,286.0,293.0,288.0,286.0,284.0,282.0,276.0,261.0,248.0,250.0,245.0,234.0,228.0,211.0
507,40.0,47.0,71.0,108.0,121.0,127.0,131.0,134.0,137.0,144.0,142.0,143.0,140.0,133.0,127.0,119.0,116.0,121.0,129.0,139.0,145.0,146.0,143.0,139.0,138.0,137.0,138.0,136.0,136.0,140.0
508,129.0,136.0,148.0,164.0,175.0,185.0,189.0,188.0,188.0,179.0,184.0,191.0,190.0,190.0,187.0,180.0,171.0,161.0,152.0,142.0,136.0,135.0,134.0,137.0,141.0,145.0,154.0,155.0,153.0,155.0
512,212.0,216.0,214.0,209.0,204.0,202.0,202.0,198.0,186.0,172.0,163.0,154.0,139.0,130.0,120.0,111.0,101.0,92.0,82.0,74.0,73.0,70.0,66.0,57.0,52.0,60.0,64.0,65.0,65.0,65.0
513,187.0,201.0,212.0,221.0,227.0,231.0,223.0,219.0,217.0,219.0,218.0,216.0,215.0,213.0,215.0,215.0,212.0,202.0,196.0,194.0,196.0,198.0,198.0,196.0,191.0,187.0,185.0,181.0,177.0,175.0
514,98.0,101.0,99.0,95.0,95.0,94.0,91.0,90.0,90.0,86.0,84.0,85.0,89.0,99.0,112.0,122.0,131.0,141.0,149.0,155.0,160.0,164.0,170.0,171.0,166.0,161.0,157.0,150.0,138.0,126.0
515,60.0,63.0,67.0,76.0,89.0,97.0,106.0,116.0,127.0,140.0,154.0,167.0,182.0,201.0,206.0,210.0,206.0,192.0,182.0,169.0,159.0,148.0,140.0,136.0,131.0,127.0,121.0,114.0,106.0,101.0
516,80.0,77.0,74.0,73.0,74.0,75.0,78.0,83.0,98.0,128.0,144.0,154.0,160.0,163.0,161.0,155.0,149.0,140.0,126.0,117.0,109.0,103.0,97.0,92.0,89.0,86.0,80.0,74.0,68.0,64.0
517,65.0,66.0,65.0,65.0,64.0,67.0,70.0,71.0,70.0,66.0,62.0,60.0,62.0,67.0,80.0,97.0,101.0,107.0,113.0,121.0,133.0,143.0,151.0,158.0,168.0,177.0,182.0,188.0,181.0,173.0
518,219.0,233.0,243.0,257.0,276.0,285.0,295.0,304.0,312.0,321.0,328.0,328.0,328.0,326.0,323.0,319.0,308.0,295.0,285.0,278.0,270.0,262.0,253.0,239.0,219.0,199.0,187.0,177.0,166.0,158.0
519,99.0,95.0,93.0,89.0,85.0,84.0,85.0,88.0,97.0,111.0,117.0,121.0,124.0,129.0,135.0,137.0,130.0,123.0,118.0,119.0,124.0,134.0,146.0,154.0,161.0,169.0,172.0,175.0,175.0,175.0
520,78.0,96.0,123.0,134.0,145.0,153.0,163.0,178.0,195.0,201.0,205.0,211.0,209.0,201.0,188.0,170.0,156.0,150.0,145.0,151.0,162.0,165.0,167.0,169.0,169.0,170.0,170.0,169.0,169.0,170.0
521,143.0,137.0,130.0,127.0,126.0,125.0,124.0,127.0,131.0,139.0,143.0,140.0,137.0,135.0,137.0,137.0,136.0,134.0,136.0,142.0,158.0,175.0,178.0,189.0,201.0,202.0,207.0,212.0,210.0,215.0
522,134.0,128.0,121.0,120.0,126.0,146.0,165.0,181.0,196.0,209.0,219.0,221.0,227.0,224.0,223.0,227.0,227.0,225.0,226.0,226.0,228.0,231.0,232.0,232.0,236.0,248.0,251.0,257.0,261.0,263.0
523,157.0,155.0,153.0,154.0,156.0,154.0,152.0,153.0,162.0,179.0,192.0,201.0,212.0,222.0,228.0,230.0,235.0,244.0,253.0,257.0,264.0,267.0,267.0,271.0,285.0,287.0,285.0,277.0,270.0,264.0
524,118.0,122.0,125.0,131.0,139.0,151.0,168.0,194.0,213.0,227.0,229.0,231.0,223.0,211.0,187.0,171.0,156.0,139.0,136.0,125.0,117.0,111.0,110.0,109.0,108.0,108.0,106.0,104.0,107.0,113.0
525,139.0,133.0,127.0,127.0,126.0,124.0,122.0,120.0,114.0,111.0,107.0,105.0,109.0,116.0,129.0,131.0,134.0,139.0,144.0,154.0,164.0,172.0,182.0,191.0,199.0,206.0,208.0,205.0,199.0,194.0
526,142.0,152.0,159.0,161.0,156.0,150.0,147.0,150.0,165.0,188.0,199.0,212.0,230.0,244.0,259.0,277.0,290.0,289.0,285.0,280.0,287.0,291.0,296.0,300.0,298.0,293.0,286.0,275.0,263.0,254.0
527,105.0,105.0,106.0,105.0,105.0,105.0,108.0,118.0,131.0,142.0,157.0,185.0,209.0,207.0,202.0,208.0,199.0,213.0,212.0,211.0,209.0,210.0,204.0,198.0,204.0,208.0,207.0,200.0,196.0,193.0
529,141.0,137.0,134.0,136.0,149.0,180.0,199.0,210.0,215.0,219.0,214.0,205.0,199.0,192.0,185.0,180.0,173.0,167.0,159.0,152.0,150.0,149.0,145.0,136.0,130.0,129.0,127.0,125.0,121.0,117.0
530,92.0,89.0,90.0,92.0,92.0,93.0,91.0,86.0,84.0,85.0,92.0,112.0,127.0,128.0,133.0,134.0,135.0,139.0,143.0,140.0,140.0,137.0,132.0,121.0,106.0,103.0,98.0,107.0,111.0,102.0
531,184.0,190.0,197.0,192.0,188.0,182.0,179.0,181.0,187.0,191.0,199.0,208.0,205.0,198.0,190.0,188.0,190.0,192.0,190.0,188.0,188.0,186.0,182.0,172.0,157.0,136.0,126.0,121.0,118.0,118.0
532,165.0,159.0,153.0,155.0,155.0,149.0,143.0,143.0,144.0,142.0,134.0,120.0,106.0,96.0,90.0,87.0,94.0,101.0,109.0,125.0,129.0,124.0,113.0,93.0,84.0,80.0,79.0,80.0,81.0,83.0
533,170.0,179.0,181.0,186.0,191.0,203.0,216.0,228.0,239.0,249.0,255.0,257.0,250.0,239.0,223.0,212.0,204.0,193.0,188.0,178.0,169.0,167.0,163.0,159.0,153.0,152.0,147.0,141.0,138.0,135.0
534,88.0,87.0,86.0,86.0,85.0,86.0,89.0,97.0,112.0,127.0,138.0,147.0,154.0,157.0,157.0,151.0,146.0,144.0,146.0,173.0,186.0,188.0,191.0,196.0,193.0,192.0,189.0,187.0,188.0,188.0
535,161.0,169.0,185.0,197.0,207.0,215.0,220.0,225.0,230.0,231.0,236.0,238.0,233.0,228.0,229.0,226.0,211.0,192.0,186.0,176.0,170.0,166.0,166.0,164.0,160.0,161.0,164.0,169.0,174.0,177.0
536,144.0,151.0,169.0,181.0,187.0,195.0,192.0,192.0,194.0,200.0,209.0,205.0,198.0,186.0,173.0,173.0,171.0,167.0,162.0,159.0,161.0,156.0,154.0,150.0,140.0,137.0,130.0,119.0,111.0,107.0
537,208.0,221.0,232.0,245.0,255.0,257.0,263.0,263.0,260.0,261.0,259.0,254.0,250.0,239.0,216.0,202.0,182.0,162.0,144.0,128.0,116.0,106.0,97.0,86.0,57.0,48.0,40.0,40.0,40.0,40.0
538,126.0,127.0,128.0,136.0,153.0,160.0,168.0,170.0,179.0,188.0,204.0,231.0,244.0,259.0,276.0,298.0,287.0,276.0,267.0,278.0,294.0,306.0,301.0,295.0,289.0,280.0,270.0,256.0,197.0,195.0
539,51.0,47.0,46.0,49.0,49.0,50.0,57.0,80.0,105.0,130.0,141.0,161.0,171.0,188.0,197.0,207.0,203.0,190.0,182.0,170.0,162.0,161.0,158.0,157.0,155.0,151.0,149.0,145.0,142.0,139.0
540,164.0,170.0,176.0,183.0,191.0,197.0,205.0,212.0,215.0,223.0,224.0,232.0,232.0,239.0,237.0,236.0,238.0,238.0,235.0,235.0,233.0,221.0,199.0,206.0,209.0,201.0,192.0,180.0,191.0,191.0
541,189.0,187.0,183.0,176.0,173.0,168.0,144.0,133.0,122.0,119.0,111.0,117.0,119.0,121.0,118.0,118.0,128.0,128.0,127.0,131.0,138.0,141.0,139.0,134.0,117.0,86.0,89.0,105.0,114.0,127.0
542,118.0,151.0,181.0,202.0,222.0,253.0,258.0,281.0,299.0,318.0,308.0,311.0,321.0,340.0,337.0,328.0,313.0,300.0,283.0,264.0,242.0,170.0,151.0,129.0,114.0,90.0,67.0,56.0,53.0,43.0
543,173.0,176.0,178.0,181.0,181.0,184.0,190.0,188.0,179.0,177.0,186.0,187.0,185.0,184.0,183.0,172.0,176.0,177.0,176.0,174.0,167.0,141.0,143.0,147.0,143.0,140.0,141.0,147.0,147.0,151.0
544,134.0,117.0,109.0,102.0,91.0,89.0,95.0,110.0,105.0,100.0,102.0,112.0,113.0,104.0,102.0,108.0,111.0,114.0,115.0,123.0,118.0,107.0,102.0,98.0,88.0,85.0,84.0,89.0,88.0,86.0
546,132.0,135.0,137.0,159.0,171.0,176.0,180.0,175.0,172.0,182.0,237.0,234.0,234.0,234.0,228.0,226.0,230.0,227.0,217.0,212.0,213.0,211.0,208.0,206.0,208.0,202.0,192.0,180.0,158.0,148.0
550,238.0,224.0,234.0,244.0,252.0,263.0,264.0,265.0,266.0,264.0,262.0,257.0,246.0,230.0,218.0,212.0,202.0,192.0,179.0,168.0,161.0,151.0,142.0,146.0,164.0,161.0,156.0,148.0,143.0,137.0
551,120.0,110.0,104.0,110.0,115.0,121.0,139.0,152.0,160.0,163.0,165.0,159.0,154.0,149.0,139.0,133.0,126.0,118.0,114.0,119.0,126.0,136.0,155.0,161.0,170.0,172.0,169.0,170.0,171.0,173.0
552,163.0,158.0,160.0,165.0,173.0,190.0,204.0,217.0,236.0,249.0,260.0,274.0,279.0,286.0,290.0,287.0,281.0,273.0,268.0,264.0,258.0,254.0,247.0,241.0,234.0,228.0,223.0,221.0,219.0,214.0
553,159.0,155.0,153.0,149.0,145.0,171.0,182.0,186.0,197.0,197.0,196.0,197.0,206.0,209.0,206.0,204.0,212.0,218.0,226.0,230.0,232.0,238.0,237.0,233.0,225.0,222.0,225.0,234.0,249.0,243.0
554,196.0,198.0,204.0,213.0,225.0,237.0,252.0,251.0,251.0,252.0,256.0,263.0,266.0,267.0,264.0,259.0,254.0,250.0,251.0,250.0,242.0,244.0,249.0,253.0,255.0,251.0,246.0,237.0,230.0,225.0
555,246.0,237.0,230.0,225.0,222.0,220.0,226.0,228.0,218.0,214.0,210.0,211.0,209.0,206.0,203.0,203.0,205.0,203.0,198.0,190.0,181.0,172.0,164.0,155.0,152.0,146.0,140.0,134.0,128.0,120.0
556,206.0,215.0,223.0,235.0,249.0,261.0,262.0,263.0,249.0,245.0,248.0,253.0,264.0,274.0,274.0,273.0,270.0,266.0,263.0,263.0,266.0,268.0,267.0,265.0,260.0,254.0,253.0,251.0,249.0,247.0
558,117.0,114.0,115.0,118.0,116.0,108.0,97.0,97.0,95.0,99.0,101.0,101.0,102.0,105.0,110.0,119.0,131.0,147.0,155.0,159.0,166.0,173.0,179.0,184.0,191.0,203.0,206.0,213.0,209.0,200.0
559,140.0,134.0,129.0,124.0,121.0,120.0,116.0,112.0,113.0,111.0,112.0,114.0,116.0,118.0,120.0,123.0,129.0,134.0,137.0,143.0,150.0,154.0,156.0,155.0,155.0,152.0,147.0,147.0,145.0,139.0
561,102.0,110.0,119.0,126.0,128.0,129.0,131.0,139.0,155.0,169.0,181.0,195.0,199.0,196.0,198.0,201.0,211.0,227.0,237.0,236.0,239.0,232.0,230.0,234.0,233.0,234.0,234.0,237.0,242.0,242.0
563,148.0,146.0,149.0,154.0,157.0,159.0,162.0,161.0,161.0,164.0,165.0,163.0,158.0,152.0,144.0,142.0,143.0,144.0,147.0,147.0,141.0,136.0,133.0,131.0,131.0,128.0,126.0,123.0,116.0,113.0
564,305.0,303.0,298.0,293.0,291.0,291.0,286.0,283.0,277.0,273.0,271.0,268.0,265.0,261.0,257.0,255.0,254.0,251.0,247.0,246.0,243.0,237.0,232.0,228.0,230.0,236.0,244.0,248.0,250.0,252.0
565,128.0,126.0,126.0,126.0,126.0,123.0,120.0,121.0,127.0,137.0,150.0,161.0,165.0,170.0,169.0,163.0,163.0,162.0,163.0,167.0,176.0,179.0,183.0,184.0,184.0,183.0,181.0,180.0,179.0,180.0
566,176.0,192.0,195.0,200.0,206.0,211.0,220.0,224.0,233.0,240.0,248.0,243.0,234.0,227.0,214.0,199.0,192.0,182.0,174.0,170.0,166.0,162.0,155.0,151.0,147.0,145.0,145.0,142.0,135.0,123.0
567,120.0,122.0,125.0,132.0,143.0,150.0,156.0,163.0,169.0,176.0,185.0,190.0,191.0,190.0,188.0,184.0,180.0,182.0,177.0,176.0,185.0,195.0,201.0,201.0,196.0,196.0,203.0,208.0,217.0,225.0
568,175.0,175.0,177.0,179.0,181.0,183.0,185.0,188.0,189.0,187.0,182.0,174.0,166.0,158.0,152.0,146.0,141.0,134.0,125.0,122.0,114.0,107.0,101.0,97.0,94.0,92.0,96.0,100.0,102.0,103.0
570,100.0,100.0,101.0,104.0,111.0,114.0,117.0,118.0,120.0,123.0,125.0,124.0,127.0,138.0,164.0,193.0,210.0,229.0,237.0,253.0,266.0,280.0,289.0,294.0,296.0,293.0,295.0,298.0,299.0,303.0
571,299.0,303.0,313.0,309.0,309.0,308.0,305.0,306.0,303.0,297.0,290.0,287.0,281.0,261.0,248.0,235.0,224.0,210.0,195.0,182.0,166.0,147.0,139.0,127.0,121.0,122.0,132.0,145.0,162.0,166.0
572,109.0,116.0,123.0,134.0,145.0,153.0,160.0,170.0,172.0,176.0,181.0,190.0,188.0,180.0,177.0,175.0,176.0,175.0,177.0,174.0,170.0,168.0,168.0,157.0,148.0,142.0,137.0,135.0,134.0,130.0
573,146.0,143.0,139.0,130.0,115.0,126.0,130.0,132.0,130.0,128.0,121.0,117.0,127.0,131.0,129.0,128.0,137.0,137.0,137.0,145.0,151.0,164.0,174.0,190.0,197.0,197.0,188.0,192.0,198.0,209.0
574,235.0,233.0,231.0,227.0,228.0,232.0,228.0,227.0,222.0,212.0,207.0,214.0,214.0,212.0,211.0,214.0,216.0,217.0,216.0,215.0,208.0,196.0,187.0,176.0,168.0,164.0,159.0,154.0,151.0,148.0
576,106.0,108.0,111.0,115.0,120.0,122.0,122.0,122.0,126.0,133.0,145.0,165.0,174.0,188.0,201.0,205.0,214.0,217.0,220.0,221.0,221.0,217.0,210.0,200.0,197.0,192.0,190.0,184.0,178.0,170.0
578,166.0,172.0,178.0,186.0,197.0,206.0,219.0,226.0,239.0,249.0,261.0,268.0,275.0,277.0,268.0,267.0,264.0,263.0,264.0,256.0,231.0,215.0,204.0,192.0,183.0,175.0,162.0,150.0,152.0,144.0
579,150.0,152.0,144.0,142.0,150.0,153.0,154.0,154.0,155.0,159.0,161.0,164.0,165.0,163.0,158.0,154.0,155.0,157.0,160.0,161.0,156.0,149.0,143.0,143.0,146.0,148.0,147.0,143.0,139.0,136.0
580,136.0,143.0,150.0,156.0,155.0,153.0,150.0,150.0,154.0,167.0,174.0,177.0,168.0,158.0,147.0,136.0,125.0,116.0,108.0,99.0,95.0,91.0,92.0,96.0,102.0,106.0,107.0,108.0,109.0,113.0
582,197.0,207.0,209.0,215.0,234.0,236.0,245.0,248.0,251.0,258.0,263.0,271.0,268.0,259.0,242.0,232.0,230.0,237.0,242.0,245.0,244.0,242.0,239.0,239.0,241.0,243.0,243.0,239.0,234.0,229.0
583,203.0,203.0,202.0,197.0,196.0,200.0,214.0,246.0,258.0,261.0,254.0,242.0,232.0,216.0,205.0,230.0,244.0,230.0,221.0,217.0,226.0,230.0,230.0,228.0,220.0,208.0,199.0,193.0,187.0,179.0
584,187.0,215.0,228.0,242.0,255.0,260.0,268.0,281.0,301.0,317.0,331.0,336.0,329.0,317.0,299.0,278.0,269.0,264.0,256.0,240.0,238.0,229.0,221.0,226.0,227.0,224.0,211.0,201.0,195.0,190.0
585,181.0,207.0,239.0,250.0,266.0,276.0,276.0,270.0,266.0,262.0,256.0,249.0,243.0,238.0,231.0,217.0,197.0,182.0,174.0,170.0,162.0,156.0,147.0,140.0,135.0,129.0,124.0,120.0,114.0,105.0
586,63.0,58.0,52.0,56.0,63.0,79.0,105.0,123.0,143.0,167.0,177.0,185.0,195.0,193.0,190.0,188.0,181.0,166.0,154.0,144.0,133.0,118.0,107.0,100.0,89.0,79.0,74.0,65.0,55.0,57.0
588,95.0,93.0,90.0,89.0,91.0,93.0,95.0,99.0,111.0,117.0,125.0,125.0,122.0,125.0,131.0,136.0,140.0,140.0,140.0,145.0,142.0,143.0,147.0,151.0,154.0,160.0,163.0,166.0,173.0,179.0
589,135.0,149.0,173.0,206.0,239.0,275.0,284.0,312.0,335.0,347.0,362.0,372.0,371.0,374.0,378.0,376.0,375.0,370.0,345.0,339.0,338.0,340.0,343.0,339.0,323.0,308.0,306.0,301.0,291.0,285.0
590,162.0,146.0,145.0,134.0,129.0,133.0,133.0,138.0,142.0,154.0,180.0,198.0,215.0,214.0,213.0,198.0,183.0,169.0,154.0,142.0,139.0,138.0,143.0,139.0,127.0,112.0,96.0,93.0,86.0,80.0
592,136.0,138.0,135.0,129.0,126.0,124.0,126.0,131.0,142.0,168.0,190.0,200.0,206.0,211.0,220.0,232.0,227.0,220.0,213.0,211.0,214.0,220.0,223.0,222.0,218.0,211.0,202.0,193.0,184.0,173.0
593,195.0,201.0,213.0,225.0,260.0,278.0,290.0,293.0,291.0,294.0,309.0,317.0,328.0,330.0,333.0,332.0,338.0,344.0,346.0,347.0,348.0,349.0,353.0,367.0,380.0,381.0,386.0,383.0,379.0,379.0
595,149.0,150.0,154.0,158.0,162.0,159.0,156.0,148.0,146.0,150.0,151.0,154.0,165.0,177.0,172.0,167.0,164.0,169.0,198.0,201.0,221.0,252.0,249.0,236.0,234.0,232.0,226.0,227.0,232.0,242.0
596,61.0,59.0,59.0,60.0,65.0,70.0,82.0,100.0,126.0,133.0,132.0,128.0,121.0,115.0,108.0,106.0,110.0,116.0,127.0,140.0,146.0,153.0,158.0,162.0,169.0,163.0,155.0,136.0,114.0,106.0
597,57.0,58.0,62.0,74.0,104.0,110.0,126.0,133.0,135.0,141.0,144.0,137.0,137.0,148.0,147.0,136.0,135.0,136.0,142.0,168.0,168.0,174.0,207.0,209.0,206.0,197.0,185.0,191.0,197.0,202.0
598,209.0,219.0,221.0,221.0,216.0,217.0,215.0,211.0,201.0,200.0,198.0,196.0,194.0,200.0,220.0,207.0,205.0,194.0,186.0,177.0,180.0,184.0,180.0,190.0,196.0,203.0,206.0,212.0,215.0,208.0
